date_time,maxtempC,mintempC,totalSnow_cm,sunHour,uvIndex,moon_illumination,moonrise,moonset,sunrise,sunset,DewPointC,FeelsLikeC,HeatIndexC,WindChillC,WindGustKmph,cloudcover,humidity,precipMM,pressure,tempC,visibility,winddirDegree,windspeedKmph,location
2018-12-11 00:00:00,33,26,0.0,11.6,7,24,10:02 AM,10:20 PM,06:56 AM,06:59 PM,24,30,30,27,8,24,83,0.2,1009,27,9,351,5,singapore
2018-12-11 03:00:00,33,26,0.0,11.6,7,24,10:02 AM,10:20 PM,06:56 AM,06:59 PM,23,29,29,26,9,39,84,0.0,1009,26,10,334,6,singapore
2018-12-11 06:00:00,33,26,0.0,11.6,7,24,10:02 AM,10:20 PM,06:56 AM,06:59 PM,24,30,30,27,8,29,82,0.0,1010,27,10,347,6,singapore
2018-12-11 09:00:00,33,26,0.0,11.6,7,24,10:02 AM,10:20 PM,06:56 AM,06:59 PM,23,37,37,32,6,38,61,0.0,1010,32,10,353,5,singapore
2018-12-11 12:00:00,33,26,0.0,11.6,7,24,10:02 AM,10:20 PM,06:56 AM,06:59 PM,25,40,40,33,5,39,63,3.4,1009,33,7,290,4,singapore
2018-12-11 15:00:00,33,26,0.0,11.6,7,24,10:02 AM,10:20 PM,06:56 AM,06:59 PM,25,37,37,31,10,39,70,6.0,1007,31,7,348,5,singapore
2018-12-11 18:00:00,33,26,0.0,11.6,7,24,10:02 AM,10:20 PM,06:56 AM,06:59 PM,25,33,33,28,16,36,80,6.3,1009,28,7,348,10,singapore
2018-12-11 21:00:00,33,26,0.0,11.6,7,24,10:02 AM,10:20 PM,06:56 AM,06:59 PM,24,31,31,27,13,32,84,0.1,1010,27,10,347,9,singapore
2018-12-12 00:00:00,31,26,0.0,11.6,7,31,10:49 AM,11:07 PM,06:57 AM,07:00 PM,24,30,30,26,13,43,86,0.1,1009,26,10,330,9,singapore
2018-12-12 03:00:00,31,26,0.0,11.6,7,31,10:49 AM,11:07 PM,06:57 AM,07:00 PM,24,29,29,26,15,48,86,0.6,1009,26,9,329,9,singapore
2018-12-12 06:00:00,31,26,0.0,11.6,7,31,10:49 AM,11:07 PM,06:57 AM,07:00 PM,24,30,30,26,10,44,85,1.1,1010,26,10,307,7,singapore
2018-12-12 09:00:00,31,26,0.0,11.6,7,31,10:49 AM,11:07 PM,06:57 AM,07:00 PM,24,34,34,29,11,49,74,3.8,1011,29,7,296,6,singapore
2018-12-12 12:00:00,31,26,0.0,11.6,7,31,10:49 AM,11:07 PM,06:57 AM,07:00 PM,24,36,36,31,9,31,64,5.4,1010,31,7,341,8,singapore
2018-12-12 15:00:00,31,26,0.0,11.6,7,31,10:49 AM,11:07 PM,06:57 AM,07:00 PM,23,34,34,30,8,41,67,0.0,1009,30,10,354,7,singapore
2018-12-12 18:00:00,31,26,0.0,11.6,7,31,10:49 AM,11:07 PM,06:57 AM,07:00 PM,23,31,31,28,8,49,75,0.0,1009,28,10,6,5,singapore
2018-12-12 21:00:00,31,26,0.0,11.6,7,31,10:49 AM,11:07 PM,06:57 AM,07:00 PM,24,30,30,27,8,73,83,0.1,1011,27,10,327,5,singapore
2018-12-13 00:00:00,31,26,0.0,10.3,7,38,11:34 AM,11:52 PM,06:57 AM,07:00 PM,23,29,29,26,9,60,84,0.1,1011,26,10,342,6,singapore
2018-12-13 03:00:00,31,26,0.0,10.3,7,38,11:34 AM,11:52 PM,06:57 AM,07:00 PM,23,29,29,26,11,46,85,0.1,1010,26,10,326,7,singapore
2018-12-13 06:00:00,31,26,0.0,10.3,7,38,11:34 AM,11:52 PM,06:57 AM,07:00 PM,23,29,29,26,7,54,85,0.1,1010,26,10,324,5,singapore
2018-12-13 09:00:00,31,26,0.0,10.3,7,38,11:34 AM,11:52 PM,06:57 AM,07:00 PM,24,35,35,30,8,43,70,1.3,1012,30,10,311,6,singapore
2018-12-13 12:00:00,31,26,0.0,10.3,7,38,11:34 AM,11:52 PM,06:57 AM,07:00 PM,24,36,36,31,11,48,68,5.7,1010,31,7,354,9,singapore
2018-12-13 15:00:00,31,26,0.0,10.3,7,38,11:34 AM,11:52 PM,06:57 AM,07:00 PM,24,33,33,28,21,61,77,4.5,1009,28,7,14,12,singapore
2018-12-13 18:00:00,31,26,0.0,10.3,7,38,11:34 AM,11:52 PM,06:57 AM,07:00 PM,24,30,30,27,12,57,83,0.0,1010,27,10,3,8,singapore
2018-12-13 21:00:00,31,26,0.0,10.3,7,38,11:34 AM,11:52 PM,06:57 AM,07:00 PM,24,30,30,26,16,46,85,0.0,1011,26,10,11,10,singapore
2018-12-14 00:00:00,28,25,0.0,8.9,6,45,12:17 PM,No moonset,06:58 AM,07:01 PM,24,29,29,26,13,88,87,0.0,1011,26,10,340,9,singapore
2018-12-14 03:00:00,28,25,0.0,8.9,6,45,12:17 PM,No moonset,06:58 AM,07:01 PM,23,28,28,25,17,81,89,2.2,1010,25,10,327,10,singapore
2018-12-14 06:00:00,28,25,0.0,8.9,6,45,12:17 PM,No moonset,06:58 AM,07:01 PM,23,28,28,26,10,87,87,1.3,1011,26,10,322,7,singapore
2018-12-14 09:00:00,28,25,0.0,8.9,6,45,12:17 PM,No moonset,06:58 AM,07:01 PM,24,32,32,28,15,55,76,1.1,1012,28,10,354,12,singapore
2018-12-14 12:00:00,28,25,0.0,8.9,6,45,12:17 PM,No moonset,06:58 AM,07:01 PM,24,31,31,27,20,79,83,6.8,1011,27,7,3,13,singapore
2018-12-14 15:00:00,28,25,0.0,8.9,6,45,12:17 PM,No moonset,06:58 AM,07:01 PM,24,30,30,27,18,47,84,2.3,1010,27,10,8,12,singapore
2018-12-14 18:00:00,28,25,0.0,8.9,6,45,12:17 PM,No moonset,06:58 AM,07:01 PM,24,29,29,26,9,61,88,2.7,1011,26,7,357,5,singapore
2018-12-14 21:00:00,28,25,0.0,8.9,6,45,12:17 PM,No moonset,06:58 AM,07:01 PM,24,29,29,26,10,45,91,0.1,1012,26,9,328,6,singapore
2018-12-15 00:00:00,31,25,0.0,10.3,6,51,01:00 PM,12:36 AM,06:58 AM,07:01 PM,24,29,29,25,12,60,93,1.5,1011,25,10,285,8,singapore
2018-12-15 03:00:00,31,25,0.0,10.3,6,51,01:00 PM,12:36 AM,06:58 AM,07:01 PM,24,28,28,25,8,100,93,3.5,1010,25,7,281,5,singapore
2018-12-15 06:00:00,31,25,0.0,10.3,6,51,01:00 PM,12:36 AM,06:58 AM,07:01 PM,23,28,28,25,8,100,92,6.0,1011,25,7,275,5,singapore
2018-12-15 09:00:00,31,25,0.0,10.3,6,51,01:00 PM,12:36 AM,06:58 AM,07:01 PM,24,30,30,26,6,65,85,0.1,1012,26,10,313,4,singapore
2018-12-15 12:00:00,31,25,0.0,10.3,6,51,01:00 PM,12:36 AM,06:58 AM,07:01 PM,24,37,37,31,3,46,66,0.1,1010,31,10,338,3,singapore
2018-12-15 15:00:00,31,25,0.0,10.3,6,51,01:00 PM,12:36 AM,06:58 AM,07:01 PM,24,35,35,30,2,46,71,0.2,1009,30,9,83,1,singapore
2018-12-15 18:00:00,31,25,0.0,10.3,6,51,01:00 PM,12:36 AM,06:58 AM,07:01 PM,24,32,32,27,4,40,83,0.4,1010,27,9,321,3,singapore
2018-12-15 21:00:00,31,25,0.0,10.3,6,51,01:00 PM,12:36 AM,06:58 AM,07:01 PM,24,30,30,26,8,55,86,2.2,1012,26,10,304,5,singapore
2018-12-16 00:00:00,33,25,0.0,10.3,6,58,01:43 PM,01:20 AM,06:59 AM,07:02 PM,24,29,29,26,7,59,87,2.2,1011,26,10,283,4,singapore
2018-12-16 03:00:00,33,25,0.0,10.3,6,58,01:43 PM,01:20 AM,06:59 AM,07:02 PM,23,28,28,25,6,73,87,0.1,1011,25,10,303,4,singapore
2018-12-16 06:00:00,33,25,0.0,10.3,6,58,01:43 PM,01:20 AM,06:59 AM,07:02 PM,23,29,29,26,6,53,86,0.2,1012,26,5,347,4,singapore
2018-12-16 09:00:00,33,25,0.0,10.3,6,58,01:43 PM,01:20 AM,06:59 AM,07:02 PM,23,36,36,31,5,48,64,0.0,1012,31,10,324,4,singapore
2018-12-16 12:00:00,33,25,0.0,10.3,6,58,01:43 PM,01:20 AM,06:59 AM,07:02 PM,24,40,40,33,4,33,58,0.0,1011,33,10,313,4,singapore
2018-12-16 15:00:00,33,25,0.0,10.3,6,58,01:43 PM,01:20 AM,06:59 AM,07:02 PM,25,35,35,30,8,35,75,5.8,1009,30,7,23,4,singapore
2018-12-16 18:00:00,33,25,0.0,10.3,6,58,01:43 PM,01:20 AM,06:59 AM,07:02 PM,24,30,30,27,11,79,84,7.3,1011,27,7,28,7,singapore
2018-12-16 21:00:00,33,25,0.0,10.3,6,58,01:43 PM,01:20 AM,06:59 AM,07:02 PM,24,30,30,26,8,46,86,0.4,1012,26,9,10,5,singapore
2018-12-17 00:00:00,32,25,0.0,11.6,6,65,02:26 PM,02:03 AM,06:59 AM,07:02 PM,24,29,29,26,10,49,87,0.2,1011,26,9,349,6,singapore
2018-12-17 03:00:00,32,25,0.0,11.6,6,65,02:26 PM,02:03 AM,06:59 AM,07:02 PM,23,28,28,25,10,35,88,0.0,1011,25,10,334,6,singapore
2018-12-17 06:00:00,32,25,0.0,11.6,6,65,02:26 PM,02:03 AM,06:59 AM,07:02 PM,23,29,29,26,4,44,86,0.0,1012,26,10,222,3,singapore
2018-12-17 09:00:00,32,25,0.0,11.6,6,65,02:26 PM,02:03 AM,06:59 AM,07:02 PM,22,35,35,31,7,27,61,0.0,1013,31,10,202,6,singapore
2018-12-17 12:00:00,32,25,0.0,11.6,6,65,02:26 PM,02:03 AM,06:59 AM,07:02 PM,23,37,37,32,7,37,56,0.0,1011,32,10,188,6,singapore
2018-12-17 15:00:00,32,25,0.0,11.6,6,65,02:26 PM,02:03 AM,06:59 AM,07:02 PM,23,36,36,31,10,24,60,0.0,1009,31,10,163,8,singapore
2018-12-17 18:00:00,32,25,0.0,11.6,6,65,02:26 PM,02:03 AM,06:59 AM,07:02 PM,23,32,32,28,4,39,74,0.0,1011,28,10,84,3,singapore
2018-12-17 21:00:00,32,25,0.0,11.6,6,65,02:26 PM,02:03 AM,06:59 AM,07:02 PM,24,31,31,27,8,48,82,0.1,1012,27,10,23,5,singapore
2018-12-18 00:00:00,33,26,0.0,11.6,6,72,03:11 PM,02:48 AM,07:00 AM,07:03 PM,24,30,30,27,9,100,84,1.2,1012,27,10,5,6,singapore
2018-12-18 03:00:00,33,26,0.0,11.6,6,72,03:11 PM,02:48 AM,07:00 AM,07:03 PM,24,29,29,26,10,65,87,0.1,1011,26,10,357,6,singapore
2018-12-18 06:00:00,33,26,0.0,11.6,6,72,03:11 PM,02:48 AM,07:00 AM,07:03 PM,24,30,30,26,10,50,87,0.8,1012,26,10,352,7,singapore
2018-12-18 09:00:00,33,26,0.0,11.6,6,72,03:11 PM,02:48 AM,07:00 AM,07:03 PM,24,32,32,28,12,47,80,2.2,1012,28,10,11,8,singapore
2018-12-18 12:00:00,33,26,0.0,11.6,6,72,03:11 PM,02:48 AM,07:00 AM,07:03 PM,24,39,39,33,8,21,62,5.2,1011,33,7,76,7,singapore
2018-12-18 15:00:00,33,26,0.0,11.6,6,72,03:11 PM,02:48 AM,07:00 AM,07:03 PM,24,36,36,31,11,25,65,0.1,1009,31,10,78,10,singapore
2018-12-18 18:00:00,33,26,0.0,11.6,6,72,03:11 PM,02:48 AM,07:00 AM,07:03 PM,24,32,32,28,12,23,79,0.1,1011,28,10,65,8,singapore
2018-12-18 21:00:00,33,26,0.0,11.6,6,72,03:11 PM,02:48 AM,07:00 AM,07:03 PM,23,31,31,27,11,45,78,0.0,1012,27,10,68,7,singapore
2018-12-19 00:00:00,34,26,0.0,11.6,8,78,03:59 PM,03:35 AM,07:00 AM,07:03 PM,23,30,30,27,9,47,81,0.0,1012,27,10,45,6,singapore
2018-12-19 03:00:00,34,26,0.0,11.6,8,78,03:59 PM,03:35 AM,07:00 AM,07:03 PM,23,29,29,26,9,22,84,0.0,1011,26,10,29,6,singapore
2018-12-19 06:00:00,34,26,0.0,11.6,8,78,03:59 PM,03:35 AM,07:00 AM,07:03 PM,24,30,30,27,7,23,83,0.0,1012,27,10,3,6,singapore
2018-12-19 09:00:00,34,26,0.0,11.6,8,78,03:59 PM,03:35 AM,07:00 AM,07:03 PM,23,36,36,31,8,38,64,0.6,1013,31,9,28,7,singapore
2018-12-19 12:00:00,34,26,0.0,11.6,8,78,03:59 PM,03:35 AM,07:00 AM,07:03 PM,23,40,40,34,5,55,55,0.6,1011,34,10,15,4,singapore
2018-12-19 15:00:00,34,26,0.0,11.6,8,78,03:59 PM,03:35 AM,07:00 AM,07:03 PM,24,37,37,32,6,31,64,2.3,1010,32,9,31,4,singapore
2018-12-19 18:00:00,34,26,0.0,11.6,8,78,03:59 PM,03:35 AM,07:00 AM,07:03 PM,24,32,32,28,10,30,79,2.7,1011,28,7,8,6,singapore
2018-12-19 21:00:00,34,26,0.0,11.6,8,78,03:59 PM,03:35 AM,07:00 AM,07:03 PM,24,31,31,27,13,18,83,0.0,1012,27,10,6,8,singapore
2018-12-20 00:00:00,34,26,0.0,11.6,7,85,04:50 PM,04:25 AM,07:01 AM,07:04 PM,24,30,30,26,15,22,84,0.0,1012,26,10,7,9,singapore
2018-12-20 03:00:00,34,26,0.0,11.6,7,85,04:50 PM,04:25 AM,07:01 AM,07:04 PM,23,29,29,26,18,20,84,0.0,1011,26,10,4,11,singapore
2018-12-20 06:00:00,34,26,0.0,11.6,7,85,04:50 PM,04:25 AM,07:01 AM,07:04 PM,24,30,30,27,13,23,84,0.0,1012,27,10,5,9,singapore
2018-12-20 09:00:00,34,26,0.0,11.6,7,85,04:50 PM,04:25 AM,07:01 AM,07:04 PM,23,36,36,31,13,14,64,0.0,1012,31,10,15,12,singapore
2018-12-20 12:00:00,34,26,0.0,11.6,7,85,04:50 PM,04:25 AM,07:01 AM,07:04 PM,23,40,40,34,12,38,53,0.0,1010,34,10,17,10,singapore
2018-12-20 15:00:00,34,26,0.0,11.6,7,85,04:50 PM,04:25 AM,07:01 AM,07:04 PM,25,37,37,31,11,51,70,2.0,1009,31,10,23,7,singapore
2018-12-20 18:00:00,34,26,0.0,11.6,7,85,04:50 PM,04:25 AM,07:01 AM,07:04 PM,25,32,32,28,10,31,83,4.9,1009,28,7,15,6,singapore
2018-12-20 21:00:00,34,26,0.0,11.6,7,85,04:50 PM,04:25 AM,07:01 AM,07:04 PM,24,31,31,27,15,33,86,0.2,1011,27,9,9,10,singapore
2018-12-21 00:00:00,31,26,0.0,10.2,6,92,05:45 PM,05:19 AM,07:01 AM,07:04 PM,24,30,30,26,16,17,88,0.2,1010,26,9,7,10,singapore
2018-12-21 03:00:00,31,26,0.0,10.2,6,92,05:45 PM,05:19 AM,07:01 AM,07:04 PM,24,29,29,26,20,15,89,0.4,1010,26,9,354,12,singapore
2018-12-21 06:00:00,31,26,0.0,10.2,6,92,05:45 PM,05:19 AM,07:01 AM,07:04 PM,24,30,30,26,14,38,86,0.6,1011,26,9,344,10,singapore
2018-12-21 09:00:00,31,26,0.0,10.2,6,92,05:45 PM,05:19 AM,07:01 AM,07:04 PM,24,35,35,30,17,24,67,1.1,1011,30,9,4,13,singapore
2018-12-21 12:00:00,31,26,0.0,10.2,6,92,05:45 PM,05:19 AM,07:01 AM,07:04 PM,24,37,37,31,17,32,66,3.3,1010,31,7,11,14,singapore
2018-12-21 15:00:00,31,26,0.0,10.2,6,92,05:45 PM,05:19 AM,07:01 AM,07:04 PM,24,35,35,30,23,88,72,4.3,1008,30,7,8,13,singapore
2018-12-21 18:00:00,31,26,0.0,10.2,6,92,05:45 PM,05:19 AM,07:01 AM,07:04 PM,24,31,31,27,19,48,82,7.0,1010,27,7,10,10,singapore
2018-12-21 21:00:00,31,26,0.0,10.2,6,92,05:45 PM,05:19 AM,07:01 AM,07:04 PM,23,30,30,27,25,32,83,0.0,1011,27,10,12,14,singapore
2018-12-22 00:00:00,30,26,0.0,11.6,7,99,06:44 PM,06:17 AM,07:02 AM,07:05 PM,23,29,29,26,9,18,85,0.0,1010,26,10,353,6,singapore
2018-12-22 03:00:00,30,26,0.0,11.6,7,99,06:44 PM,06:17 AM,07:02 AM,07:05 PM,23,29,29,26,11,20,86,0.0,1010,26,10,353,8,singapore
2018-12-22 06:00:00,30,26,0.0,11.6,7,99,06:44 PM,06:17 AM,07:02 AM,07:05 PM,23,29,29,26,12,27,86,0.4,1011,26,9,346,8,singapore
2018-12-22 09:00:00,30,26,0.0,11.6,7,99,06:44 PM,06:17 AM,07:02 AM,07:05 PM,24,33,33,29,16,21,77,1.5,1011,29,9,3,11,singapore
2018-12-22 12:00:00,30,26,0.0,11.6,7,99,06:44 PM,06:17 AM,07:02 AM,07:05 PM,24,35,35,30,14,35,69,6.1,1010,30,7,3,12,singapore
2018-12-22 15:00:00,30,26,0.0,11.6,7,99,06:44 PM,06:17 AM,07:02 AM,07:05 PM,23,35,35,30,16,30,66,0.8,1008,30,9,14,13,singapore
2018-12-22 18:00:00,30,26,0.0,11.6,7,99,06:44 PM,06:17 AM,07:02 AM,07:05 PM,23,31,31,27,19,24,80,0.8,1010,27,9,27,12,singapore
2018-12-22 21:00:00,30,26,0.0,11.6,7,99,06:44 PM,06:17 AM,07:02 AM,07:05 PM,23,30,30,27,17,13,83,0.0,1010,27,10,13,10,singapore
2018-12-23 00:00:00,31,26,0.0,11.6,7,94,07:46 PM,07:18 AM,07:02 AM,07:05 PM,23,29,29,26,11,26,85,0.0,1010,26,10,8,7,singapore
2018-12-23 03:00:00,31,26,0.0,11.6,7,94,07:46 PM,07:18 AM,07:02 AM,07:05 PM,24,29,29,26,12,27,89,1.8,1010,26,9,344,8,singapore
2018-12-23 06:00:00,31,26,0.0,11.6,7,94,07:46 PM,07:18 AM,07:02 AM,07:05 PM,24,29,29,26,10,13,87,1.9,1011,26,9,327,8,singapore
2018-12-23 09:00:00,31,26,0.0,11.6,7,94,07:46 PM,07:18 AM,07:02 AM,07:05 PM,23,34,34,30,10,14,70,1.3,1012,30,9,348,8,singapore
2018-12-23 12:00:00,31,26,0.0,11.6,7,94,07:46 PM,07:18 AM,07:02 AM,07:05 PM,23,36,36,31,8,51,65,3.8,1010,31,7,358,7,singapore
2018-12-23 15:00:00,31,26,0.0,11.6,7,94,07:46 PM,07:18 AM,07:02 AM,07:05 PM,23,36,36,31,5,34,64,1.0,1009,31,9,28,4,singapore
2018-12-23 18:00:00,31,26,0.0,11.6,7,94,07:46 PM,07:18 AM,07:02 AM,07:05 PM,23,31,31,28,13,45,77,1.8,1010,28,10,18,8,singapore
2018-12-23 21:00:00,31,26,0.0,11.6,7,94,07:46 PM,07:18 AM,07:02 AM,07:05 PM,23,30,30,27,12,19,80,0.0,1010,27,10,356,8,singapore
2018-12-24 00:00:00,33,25,0.0,11.6,7,88,08:49 PM,08:20 AM,07:03 AM,07:06 PM,23,29,29,26,9,26,83,0.0,1010,26,10,330,6,singapore
2018-12-24 03:00:00,33,25,0.0,11.6,7,88,08:49 PM,08:20 AM,07:03 AM,07:06 PM,23,28,28,25,8,27,85,0.0,1010,25,10,334,5,singapore
2018-12-24 06:00:00,33,25,0.0,11.6,7,88,08:49 PM,08:20 AM,07:03 AM,07:06 PM,23,29,29,26,9,21,82,0.0,1010,26,10,4,7,singapore
2018-12-24 09:00:00,33,25,0.0,11.6,7,88,08:49 PM,08:20 AM,07:03 AM,07:06 PM,23,36,36,31,8,16,60,0.0,1010,31,10,327,7,singapore
2018-12-24 12:00:00,33,25,0.0,11.6,7,88,08:49 PM,08:20 AM,07:03 AM,07:06 PM,23,39,39,34,5,39,53,0.0,1009,33,10,351,5,singapore
2018-12-24 15:00:00,33,25,0.0,11.6,7,88,08:49 PM,08:20 AM,07:03 AM,07:06 PM,23,36,36,31,5,48,63,0.4,1007,31,9,17,4,singapore
2018-12-24 18:00:00,33,25,0.0,11.6,7,88,08:49 PM,08:20 AM,07:03 AM,07:06 PM,24,31,31,28,8,54,80,0.0,1009,27,10,47,5,singapore
2018-12-24 21:00:00,33,25,0.0,11.6,7,88,08:49 PM,08:20 AM,07:03 AM,07:06 PM,24,31,31,27,12,41,84,0.5,1010,27,9,8,7,singapore
2018-12-25 00:00:00,33,26,0.0,11.6,6,81,09:51 PM,09:23 AM,07:03 AM,07:06 PM,24,30,30,26,10,27,86,1.0,1010,26,9,341,6,singapore
2018-12-25 03:00:00,33,26,0.0,11.6,6,81,09:51 PM,09:23 AM,07:03 AM,07:06 PM,24,29,29,26,11,13,87,0.0,1009,26,10,327,8,singapore
2018-12-25 06:00:00,33,26,0.0,11.6,6,81,09:51 PM,09:23 AM,07:03 AM,07:06 PM,23,29,29,26,9,14,85,0.0,1010,26,10,327,7,singapore
2018-12-25 09:00:00,33,26,0.0,11.6,6,81,09:51 PM,09:23 AM,07:03 AM,07:06 PM,23,35,35,31,12,18,62,0.0,1011,31,10,311,9,singapore
2018-12-25 12:00:00,33,26,0.0,11.6,6,81,09:51 PM,09:23 AM,07:03 AM,07:06 PM,22,37,37,33,12,36,55,0.0,1009,33,10,277,10,singapore
2018-12-25 15:00:00,33,26,0.0,11.6,6,81,09:51 PM,09:23 AM,07:03 AM,07:06 PM,23,36,36,31,10,27,63,0.5,1008,31,9,269,8,singapore
2018-12-25 18:00:00,33,26,0.0,11.6,6,81,09:51 PM,09:23 AM,07:03 AM,07:06 PM,24,33,33,28,8,21,78,1.3,1009,28,9,325,5,singapore
2018-12-25 21:00:00,33,26,0.0,11.6,6,81,09:51 PM,09:23 AM,07:03 AM,07:06 PM,24,31,31,27,12,19,82,4.5,1010,27,7,291,7,singapore
2018-12-26 00:00:00,31,26,0.0,11.6,6,74,10:49 PM,10:22 AM,07:04 AM,07:07 PM,23,29,29,26,13,29,83,5.0,1010,26,7,318,8,singapore
2018-12-26 03:00:00,31,26,0.0,11.6,6,74,10:49 PM,10:22 AM,07:04 AM,07:07 PM,23,29,29,26,14,23,84,0.0,1009,26,10,310,9,singapore
2018-12-26 06:00:00,31,26,0.0,11.6,6,74,10:49 PM,10:22 AM,07:04 AM,07:07 PM,23,29,29,26,10,21,82,0.0,1010,26,10,310,8,singapore
2018-12-26 09:00:00,31,26,0.0,11.6,6,74,10:49 PM,10:22 AM,07:04 AM,07:07 PM,23,34,34,30,20,21,66,1.6,1010,30,9,282,14,singapore
2018-12-26 12:00:00,31,26,0.0,11.6,6,74,10:49 PM,10:22 AM,07:04 AM,07:07 PM,23,36,36,31,17,15,62,2.3,1009,31,9,273,15,singapore
2018-12-26 15:00:00,31,26,0.0,11.6,6,74,10:49 PM,10:22 AM,07:04 AM,07:07 PM,24,36,36,31,19,34,67,4.9,1007,31,7,292,10,singapore
2018-12-26 18:00:00,31,26,0.0,11.6,6,74,10:49 PM,10:22 AM,07:04 AM,07:07 PM,24,32,32,28,13,25,80,5.6,1009,28,7,299,8,singapore
2018-12-26 21:00:00,31,26,0.0,11.6,6,74,10:49 PM,10:22 AM,07:04 AM,07:07 PM,24,30,30,27,16,35,82,2.1,1010,27,9,320,10,singapore
2018-12-27 00:00:00,30,26,0.0,10.2,6,67,11:44 PM,11:18 AM,07:04 AM,07:07 PM,23,29,29,26,13,32,84,2.2,1009,26,9,324,8,singapore
2018-12-27 03:00:00,30,26,0.0,10.2,6,67,11:44 PM,11:18 AM,07:04 AM,07:07 PM,23,29,29,26,14,44,85,0.0,1009,26,10,312,9,singapore
2018-12-27 06:00:00,30,26,0.0,10.2,6,67,11:44 PM,11:18 AM,07:04 AM,07:07 PM,23,29,29,26,11,48,83,0.1,1009,26,10,299,8,singapore
2018-12-27 09:00:00,30,26,0.0,10.2,6,67,11:44 PM,11:18 AM,07:04 AM,07:07 PM,22,33,33,29,14,48,66,0.0,1010,29,10,294,12,singapore
2018-12-27 12:00:00,30,26,0.0,10.2,6,67,11:44 PM,11:18 AM,07:04 AM,07:07 PM,23,35,35,30,11,59,66,1.3,1009,30,10,269,9,singapore
2018-12-27 15:00:00,30,26,0.0,10.2,6,67,11:44 PM,11:18 AM,07:04 AM,07:07 PM,24,34,34,30,11,70,71,3.9,1008,30,7,287,6,singapore
2018-12-27 18:00:00,30,26,0.0,10.2,6,67,11:44 PM,11:18 AM,07:04 AM,07:07 PM,24,31,31,27,10,48,82,5.0,1009,27,7,296,6,singapore
2018-12-27 21:00:00,30,26,0.0,10.2,6,67,11:44 PM,11:18 AM,07:04 AM,07:07 PM,24,31,31,27,10,50,83,0.5,1009,27,10,301,6,singapore
2018-12-28 00:00:00,32,26,0.0,11.6,6,61,No moonrise,12:10 PM,07:05 AM,07:08 PM,23,29,29,26,10,34,85,0.5,1009,26,9,343,6,singapore
2018-12-28 03:00:00,32,26,0.0,11.6,6,61,No moonrise,12:10 PM,07:05 AM,07:08 PM,23,28,28,26,10,32,86,0.7,1009,26,9,305,6,singapore
2018-12-28 06:00:00,32,26,0.0,11.6,6,61,No moonrise,12:10 PM,07:05 AM,07:08 PM,23,29,29,26,10,35,84,0.7,1010,26,9,292,8,singapore
2018-12-28 09:00:00,32,26,0.0,11.6,6,61,No moonrise,12:10 PM,07:05 AM,07:08 PM,22,34,34,30,15,21,63,0.0,1010,30,10,277,13,singapore
2018-12-28 12:00:00,32,26,0.0,11.6,6,61,No moonrise,12:10 PM,07:05 AM,07:08 PM,23,36,36,31,13,15,63,1.7,1008,31,9,273,11,singapore
2018-12-28 15:00:00,32,26,0.0,11.6,6,61,No moonrise,12:10 PM,07:05 AM,07:08 PM,24,38,38,32,8,18,62,1.4,1007,32,9,294,6,singapore
2018-12-28 18:00:00,32,26,0.0,11.6,6,61,No moonrise,12:10 PM,07:05 AM,07:08 PM,24,33,33,28,7,17,80,3.0,1009,28,7,334,4,singapore
2018-12-28 21:00:00,32,26,0.0,11.6,6,61,No moonrise,12:10 PM,07:05 AM,07:08 PM,24,31,31,27,11,28,83,0.8,1010,27,9,19,7,singapore
2018-12-29 00:00:00,32,26,0.0,11.6,6,54,12:35 AM,01:00 PM,07:05 AM,07:08 PM,24,30,30,26,11,36,86,1.4,1010,26,9,360,7,singapore
2018-12-29 03:00:00,32,26,0.0,11.6,6,54,12:35 AM,01:00 PM,07:05 AM,07:08 PM,23,29,29,26,13,28,87,0.0,1010,26,10,349,8,singapore
2018-12-29 06:00:00,32,26,0.0,11.6,6,54,12:35 AM,01:00 PM,07:05 AM,07:08 PM,24,29,29,26,8,29,86,0.0,1011,26,10,297,6,singapore
2018-12-29 09:00:00,32,26,0.0,11.6,6,54,12:35 AM,01:00 PM,07:05 AM,07:08 PM,23,34,34,30,7,24,66,0.1,1012,30,10,294,6,singapore
2018-12-29 12:00:00,32,26,0.0,11.6,6,54,12:35 AM,01:00 PM,07:05 AM,07:08 PM,23,37,37,32,9,53,59,0.1,1010,32,10,282,8,singapore
2018-12-29 15:00:00,32,26,0.0,11.6,6,54,12:35 AM,01:00 PM,07:05 AM,07:08 PM,23,36,36,31,10,28,63,0.0,1009,31,10,279,8,singapore
2018-12-29 18:00:00,32,26,0.0,11.6,6,54,12:35 AM,01:00 PM,07:05 AM,07:08 PM,24,33,33,29,5,34,76,0.0,1010,29,10,295,3,singapore
2018-12-29 21:00:00,32,26,0.0,11.6,6,54,12:35 AM,01:00 PM,07:05 AM,07:08 PM,24,31,31,28,10,38,80,0.0,1011,28,10,334,6,singapore
2018-12-30 00:00:00,33,26,0.0,11.6,7,47,01:25 AM,01:48 PM,07:05 AM,07:09 PM,23,30,30,27,12,38,83,0.0,1011,27,10,333,8,singapore
2018-12-30 03:00:00,33,26,0.0,11.6,7,47,01:25 AM,01:48 PM,07:05 AM,07:09 PM,23,29,29,26,15,74,86,0.0,1011,26,10,336,10,singapore
2018-12-30 06:00:00,33,26,0.0,11.6,7,47,01:25 AM,01:48 PM,07:05 AM,07:09 PM,23,29,29,26,14,54,84,0.0,1012,26,10,341,10,singapore
2018-12-30 09:00:00,33,26,0.0,11.6,7,47,01:25 AM,01:48 PM,07:05 AM,07:09 PM,23,35,35,30,14,37,65,0.0,1012,30,10,333,12,singapore
2018-12-30 12:00:00,33,26,0.0,11.6,7,47,01:25 AM,01:48 PM,07:05 AM,07:09 PM,23,38,38,33,9,48,58,0.2,1011,33,9,315,8,singapore
2018-12-30 15:00:00,33,26,0.0,11.6,7,47,01:25 AM,01:48 PM,07:05 AM,07:09 PM,24,36,36,31,17,22,70,4.7,1010,31,7,359,9,singapore
2018-12-30 18:00:00,33,26,0.0,11.6,7,47,01:25 AM,01:48 PM,07:05 AM,07:09 PM,25,33,33,28,11,15,82,5.6,1011,28,7,26,7,singapore
2018-12-30 21:00:00,33,26,0.0,11.6,7,47,01:25 AM,01:48 PM,07:05 AM,07:09 PM,24,30,30,27,18,14,87,1.5,1012,27,9,356,11,singapore
2018-12-31 00:00:00,31,26,0.0,11.6,6,40,02:13 AM,02:34 PM,07:06 AM,07:09 PM,24,29,29,26,15,51,87,1.5,1012,26,10,354,10,singapore
2018-12-31 03:00:00,31,26,0.0,11.6,6,40,02:13 AM,02:34 PM,07:06 AM,07:09 PM,24,29,29,26,18,19,89,1.5,1012,26,9,342,12,singapore
2018-12-31 06:00:00,31,26,0.0,11.6,6,40,02:13 AM,02:34 PM,07:06 AM,07:09 PM,24,29,29,26,14,18,87,2.4,1013,26,9,338,10,singapore
2018-12-31 09:00:00,31,26,0.0,11.6,6,40,02:13 AM,02:34 PM,07:06 AM,07:09 PM,24,33,33,29,20,22,72,0.6,1013,29,9,334,16,singapore
2018-12-31 12:00:00,31,26,0.0,11.6,6,40,02:13 AM,02:34 PM,07:06 AM,07:09 PM,24,37,37,31,15,59,63,1.8,1011,31,10,3,13,singapore
2018-12-31 15:00:00,31,26,0.0,11.6,6,40,02:13 AM,02:34 PM,07:06 AM,07:09 PM,24,35,35,30,19,46,70,3.9,1010,30,7,6,11,singapore
2018-12-31 18:00:00,31,26,0.0,11.6,6,40,02:13 AM,02:34 PM,07:06 AM,07:09 PM,24,31,31,27,16,45,81,5.0,1011,27,7,356,10,singapore
2018-12-31 21:00:00,31,26,0.0,11.6,6,40,02:13 AM,02:34 PM,07:06 AM,07:09 PM,23,29,29,26,19,28,85,1.3,1013,26,9,341,12,singapore
2019-01-01 00:00:00,33,25,0.0,11.6,6,34,03:01 AM,03:22 PM,07:06 AM,07:10 PM,23,28,28,26,23,15,85,1.3,1012,26,9,347,15,singapore
2019-01-01 03:00:00,33,25,0.0,11.6,6,34,03:01 AM,03:22 PM,07:06 AM,07:10 PM,23,28,28,25,22,24,84,0.0,1012,25,10,333,14,singapore
2019-01-01 06:00:00,33,25,0.0,11.6,6,34,03:01 AM,03:22 PM,07:06 AM,07:10 PM,23,28,28,26,19,22,83,0.0,1012,26,10,314,13,singapore
2019-01-01 09:00:00,33,25,0.0,11.6,6,34,03:01 AM,03:22 PM,07:06 AM,07:10 PM,22,34,34,30,18,16,62,0.0,1013,30,10,304,13,singapore
2019-01-01 12:00:00,33,25,0.0,11.6,6,34,03:01 AM,03:22 PM,07:06 AM,07:10 PM,22,37,37,33,14,47,52,0.0,1011,33,10,319,12,singapore
2019-01-01 15:00:00,33,25,0.0,11.6,6,34,03:01 AM,03:22 PM,07:06 AM,07:10 PM,23,36,36,31,14,58,63,0.5,1010,31,10,312,10,singapore
2019-01-01 18:00:00,33,25,0.0,11.6,6,34,03:01 AM,03:22 PM,07:06 AM,07:10 PM,23,31,31,28,15,57,77,0.9,1011,28,10,297,10,singapore
2019-01-01 21:00:00,33,25,0.0,11.6,6,34,03:01 AM,03:22 PM,07:06 AM,07:10 PM,23,29,29,26,16,29,80,0.5,1013,26,9,301,10,singapore
2019-01-02 00:00:00,32,26,0.0,8.8,6,27,03:49 AM,04:09 PM,07:07 AM,07:10 PM,22,28,28,26,17,15,81,0.5,1011,26,9,310,12,singapore
2019-01-02 03:00:00,32,26,0.0,8.8,6,27,03:49 AM,04:09 PM,07:07 AM,07:10 PM,21,28,28,26,22,22,78,0.0,1011,26,10,292,15,singapore
2019-01-02 06:00:00,32,26,0.0,8.8,6,27,03:49 AM,04:09 PM,07:07 AM,07:10 PM,22,28,28,26,28,19,78,0.0,1011,26,10,291,18,singapore
2019-01-02 09:00:00,32,26,0.0,8.8,6,27,03:49 AM,04:09 PM,07:07 AM,07:10 PM,21,33,33,30,24,26,60,0.0,1012,30,10,295,17,singapore
2019-01-02 12:00:00,32,26,0.0,8.8,6,27,03:49 AM,04:09 PM,07:07 AM,07:10 PM,22,35,35,32,22,82,56,0.0,1011,32,10,310,17,singapore
2019-01-02 15:00:00,32,26,0.0,8.8,6,27,03:49 AM,04:09 PM,07:07 AM,07:10 PM,23,35,35,31,22,78,63,0.0,1010,31,10,290,15,singapore
2019-01-02 18:00:00,32,26,0.0,8.8,6,27,03:49 AM,04:09 PM,07:07 AM,07:10 PM,24,34,34,29,24,59,72,0.4,1009,29,10,270,16,singapore
2019-01-02 21:00:00,32,26,0.0,8.8,6,27,03:49 AM,04:09 PM,07:07 AM,07:10 PM,24,30,30,27,30,13,83,0.6,1012,27,9,275,19,singapore
2019-01-03 00:00:00,32,26,0.0,11.6,6,20,04:38 AM,04:58 PM,07:07 AM,07:11 PM,24,29,29,26,29,17,86,1.2,1011,26,9,279,19,singapore
2019-01-03 03:00:00,32,26,0.0,11.6,6,20,04:38 AM,04:58 PM,07:07 AM,07:11 PM,23,29,29,26,31,12,86,0.1,1010,26,10,274,20,singapore
2019-01-03 06:00:00,32,26,0.0,11.6,6,20,04:38 AM,04:58 PM,07:07 AM,07:11 PM,24,30,30,26,32,37,85,0.1,1011,26,10,275,21,singapore
2019-01-03 09:00:00,32,26,0.0,11.6,6,20,04:38 AM,04:58 PM,07:07 AM,07:11 PM,24,35,35,30,30,20,68,0.0,1011,30,10,272,21,singapore
2019-01-03 12:00:00,32,26,0.0,11.6,6,20,04:38 AM,04:58 PM,07:07 AM,07:11 PM,23,38,38,32,31,4,58,0.0,1010,32,10,269,24,singapore
2019-01-03 15:00:00,32,26,0.0,11.6,6,20,04:38 AM,04:58 PM,07:07 AM,07:11 PM,23,37,37,32,39,3,59,0.0,1008,32,10,269,29,singapore
2019-01-03 18:00:00,32,26,0.0,11.6,6,20,04:38 AM,04:58 PM,07:07 AM,07:11 PM,23,32,32,28,41,3,73,0.0,1010,28,10,277,28,singapore
2019-01-03 21:00:00,32,26,0.0,11.6,6,20,04:38 AM,04:58 PM,07:07 AM,07:11 PM,23,31,31,28,35,11,75,0.3,1011,28,10,287,22,singapore
2019-01-04 00:00:00,33,26,0.0,11.6,7,13,05:28 AM,05:47 PM,07:08 AM,07:11 PM,23,30,30,27,32,14,78,0.3,1011,27,9,292,20,singapore
2019-01-04 03:00:00,33,26,0.0,11.6,7,13,05:28 AM,05:47 PM,07:08 AM,07:11 PM,23,29,29,26,31,16,82,0.6,1010,26,9,289,20,singapore
2019-01-04 06:00:00,33,26,0.0,11.6,7,13,05:28 AM,05:47 PM,07:08 AM,07:11 PM,23,30,30,27,30,15,82,0.8,1012,27,9,290,19,singapore
2019-01-04 09:00:00,33,26,0.0,11.6,7,13,05:28 AM,05:47 PM,07:08 AM,07:11 PM,23,35,35,31,27,8,63,0.0,1013,31,10,283,19,singapore
2019-01-04 12:00:00,33,26,0.0,11.6,7,13,05:28 AM,05:47 PM,07:08 AM,07:11 PM,22,37,37,33,25,12,55,0.0,1011,33,10,266,19,singapore
2019-01-04 15:00:00,33,26,0.0,11.6,7,13,05:28 AM,05:47 PM,07:08 AM,07:11 PM,22,35,35,32,28,21,56,0.0,1010,32,10,261,21,singapore
2019-01-04 18:00:00,33,26,0.0,11.6,7,13,05:28 AM,05:47 PM,07:08 AM,07:11 PM,23,33,33,29,26,19,68,0.0,1010,29,10,268,17,singapore
2019-01-04 21:00:00,33,26,0.0,11.6,7,13,05:28 AM,05:47 PM,07:08 AM,07:11 PM,23,32,32,28,21,33,72,0.0,1012,28,10,290,13,singapore
2019-01-05 00:00:00,34,27,0.0,11.6,7,6,06:17 AM,06:37 PM,07:08 AM,07:11 PM,23,31,31,27,15,67,80,0.0,1012,27,10,227,10,singapore
2019-01-05 03:00:00,34,27,0.0,11.6,7,6,06:17 AM,06:37 PM,07:08 AM,07:11 PM,23,30,30,27,10,19,81,0.0,1011,27,10,72,7,singapore
2019-01-05 06:00:00,34,27,0.0,11.6,7,6,06:17 AM,06:37 PM,07:08 AM,07:11 PM,24,31,31,27,10,19,80,0.1,1012,27,10,133,7,singapore
2019-01-05 09:00:00,34,27,0.0,11.6,7,6,06:17 AM,06:37 PM,07:08 AM,07:11 PM,23,37,37,31,6,20,63,0.2,1013,31,9,135,5,singapore
2019-01-05 12:00:00,34,27,0.0,11.6,7,6,06:17 AM,06:37 PM,07:08 AM,07:11 PM,23,40,40,34,6,40,56,0.2,1011,34,9,105,6,singapore
2019-01-05 15:00:00,34,27,0.0,11.6,7,6,06:17 AM,06:37 PM,07:08 AM,07:11 PM,24,36,36,31,12,27,69,3.5,1010,31,7,91,10,singapore
2019-01-05 18:00:00,34,27,0.0,11.6,7,6,06:17 AM,06:37 PM,07:08 AM,07:11 PM,24,32,32,28,21,27,82,4.7,1011,28,7,57,14,singapore
2019-01-05 21:00:00,34,27,0.0,11.6,7,6,06:17 AM,06:37 PM,07:08 AM,07:11 PM,25,31,31,27,22,22,87,0.9,1012,27,9,41,14,singapore
2019-01-06 00:00:00,30,26,0.0,8.8,6,0,07:08 AM,07:27 PM,07:09 AM,07:12 PM,25,30,30,27,18,24,89,3.0,1012,27,7,38,12,singapore
2019-01-06 03:00:00,30,26,0.0,8.8,6,0,07:08 AM,07:27 PM,07:09 AM,07:12 PM,25,30,30,26,17,22,91,2.8,1011,26,7,32,12,singapore
2019-01-06 06:00:00,30,26,0.0,8.8,6,0,07:08 AM,07:27 PM,07:09 AM,07:12 PM,24,30,30,26,17,30,90,5.7,1011,26,7,24,12,singapore
2019-01-06 09:00:00,30,26,0.0,8.8,6,0,07:08 AM,07:27 PM,07:09 AM,07:12 PM,24,34,34,29,18,39,76,2.0,1012,29,10,26,13,singapore
2019-01-06 12:00:00,30,26,0.0,8.8,6,0,07:08 AM,07:27 PM,07:09 AM,07:12 PM,25,36,36,30,22,39,74,5.1,1011,30,7,39,14,singapore
2019-01-06 15:00:00,30,26,0.0,8.8,6,0,07:08 AM,07:27 PM,07:09 AM,07:12 PM,25,35,35,30,27,78,75,3.0,1010,30,7,45,17,singapore
2019-01-06 18:00:00,30,26,0.0,8.8,6,0,07:08 AM,07:27 PM,07:09 AM,07:12 PM,25,34,34,29,28,77,79,2.6,1010,29,7,38,18,singapore
2019-01-06 21:00:00,30,26,0.0,8.8,6,0,07:08 AM,07:27 PM,07:09 AM,07:12 PM,24,31,31,27,26,32,83,0.2,1012,27,9,29,16,singapore
2019-01-07 00:00:00,31,26,0.0,11.6,6,7,07:57 AM,08:15 PM,07:09 AM,07:12 PM,24,30,30,27,23,36,86,1.1,1011,27,9,23,15,singapore
2019-01-07 03:00:00,31,26,0.0,11.6,6,7,07:57 AM,08:15 PM,07:09 AM,07:12 PM,24,30,30,26,23,42,87,0.3,1011,26,9,21,15,singapore
2019-01-07 06:00:00,31,26,0.0,11.6,6,7,07:57 AM,08:15 PM,07:09 AM,07:12 PM,24,31,31,27,21,51,85,0.4,1011,27,10,22,14,singapore
2019-01-07 09:00:00,31,26,0.0,11.6,6,7,07:57 AM,08:15 PM,07:09 AM,07:12 PM,24,35,35,30,19,36,69,0.0,1012,30,10,28,14,singapore
2019-01-07 12:00:00,31,26,0.0,11.6,6,7,07:57 AM,08:15 PM,07:09 AM,07:12 PM,24,37,37,31,23,35,64,0.3,1010,31,9,50,19,singapore
2019-01-07 15:00:00,31,26,0.0,11.6,6,7,07:57 AM,08:15 PM,07:09 AM,07:12 PM,24,35,35,30,27,18,67,0.3,1009,30,9,54,22,singapore
2019-01-07 18:00:00,31,26,0.0,11.6,6,7,07:57 AM,08:15 PM,07:09 AM,07:12 PM,24,32,32,28,28,34,80,0.3,1010,28,9,51,21,singapore
2019-01-07 21:00:00,31,26,0.0,11.6,6,7,07:57 AM,08:15 PM,07:09 AM,07:12 PM,24,31,31,27,25,48,83,0.0,1011,27,10,44,17,singapore
2019-01-08 00:00:00,30,26,0.0,10.2,6,14,08:44 AM,09:03 PM,07:10 AM,07:13 PM,24,31,31,27,23,71,84,0.0,1011,27,10,44,15,singapore
2019-01-08 03:00:00,30,26,0.0,10.2,6,14,08:44 AM,09:03 PM,07:10 AM,07:13 PM,24,30,30,26,21,71,87,2.2,1011,26,10,46,14,singapore
2019-01-08 06:00:00,30,26,0.0,10.2,6,14,08:44 AM,09:03 PM,07:10 AM,07:13 PM,24,29,29,26,19,72,86,5.5,1011,26,7,34,13,singapore
2019-01-08 09:00:00,30,26,0.0,10.2,6,14,08:44 AM,09:03 PM,07:10 AM,07:13 PM,24,33,33,28,22,37,77,3.8,1012,28,7,26,15,singapore
2019-01-08 12:00:00,30,26,0.0,10.2,6,14,08:44 AM,09:03 PM,07:10 AM,07:13 PM,24,34,34,30,34,80,72,7.6,1011,30,3,42,19,singapore
2019-01-08 15:00:00,30,26,0.0,10.2,6,14,08:44 AM,09:03 PM,07:10 AM,07:13 PM,24,33,33,29,39,47,76,5.8,1009,29,7,38,19,singapore
2019-01-08 18:00:00,30,26,0.0,10.2,6,14,08:44 AM,09:03 PM,07:10 AM,07:13 PM,24,31,31,27,34,34,83,6.3,1010,27,7,31,17,singapore
2019-01-08 21:00:00,30,26,0.0,10.2,6,14,08:44 AM,09:03 PM,07:10 AM,07:13 PM,24,30,30,26,30,34,86,5.5,1012,26,7,23,16,singapore
2019-01-09 00:00:00,30,26,0.0,11.6,6,21,09:30 AM,09:48 PM,07:10 AM,07:13 PM,24,30,30,26,21,27,88,9.1,1011,26,3,19,14,singapore
2019-01-09 03:00:00,30,26,0.0,11.6,6,21,09:30 AM,09:48 PM,07:10 AM,07:13 PM,24,29,29,26,19,42,89,0.3,1010,26,9,13,13,singapore
2019-01-09 06:00:00,30,26,0.0,11.6,6,21,09:30 AM,09:48 PM,07:10 AM,07:13 PM,24,30,30,26,20,39,88,2.3,1011,26,10,18,12,singapore
2019-01-09 09:00:00,30,26,0.0,11.6,6,21,09:30 AM,09:48 PM,07:10 AM,07:13 PM,24,34,34,29,29,25,78,2.6,1011,29,7,26,16,singapore
2019-01-09 12:00:00,30,26,0.0,11.6,6,21,09:30 AM,09:48 PM,07:10 AM,07:13 PM,24,35,35,30,36,38,71,6.0,1011,30,7,33,19,singapore
2019-01-09 15:00:00,30,26,0.0,11.6,6,21,09:30 AM,09:48 PM,07:10 AM,07:13 PM,24,35,35,30,37,17,71,3.2,1009,30,7,41,21,singapore
2019-01-09 18:00:00,30,26,0.0,11.6,6,21,09:30 AM,09:48 PM,07:10 AM,07:13 PM,24,31,31,27,30,32,83,4.9,1010,27,7,42,21,singapore
2019-01-09 21:00:00,30,26,0.0,11.6,6,21,09:30 AM,09:48 PM,07:10 AM,07:13 PM,24,31,31,27,26,33,84,0.1,1011,27,10,37,17,singapore
2019-01-10 00:00:00,31,26,0.0,11.6,7,27,10:14 AM,10:32 PM,07:10 AM,07:14 PM,24,30,30,27,23,38,85,0.1,1011,27,10,32,16,singapore
2019-01-10 03:00:00,31,26,0.0,11.6,7,27,10:14 AM,10:32 PM,07:10 AM,07:14 PM,24,30,30,26,24,38,86,1.9,1010,26,10,24,17,singapore
2019-01-10 06:00:00,31,26,0.0,11.6,7,27,10:14 AM,10:32 PM,07:10 AM,07:14 PM,24,30,30,27,27,38,85,4.8,1011,27,7,21,18,singapore
2019-01-10 09:00:00,31,26,0.0,11.6,7,27,10:14 AM,10:32 PM,07:10 AM,07:14 PM,24,34,34,30,27,49,69,1.6,1011,30,10,24,19,singapore
2019-01-10 12:00:00,31,26,0.0,11.6,7,27,10:14 AM,10:32 PM,07:10 AM,07:14 PM,23,36,36,31,27,26,63,1.6,1010,31,10,36,22,singapore
2019-01-10 15:00:00,31,26,0.0,11.6,7,27,10:14 AM,10:32 PM,07:10 AM,07:14 PM,24,35,35,30,30,30,68,0.3,1008,30,9,41,23,singapore
2019-01-10 18:00:00,31,26,0.0,11.6,7,27,10:14 AM,10:32 PM,07:10 AM,07:14 PM,24,31,31,28,30,41,80,0.5,1010,28,9,38,22,singapore
2019-01-10 21:00:00,31,26,0.0,11.6,7,27,10:14 AM,10:32 PM,07:10 AM,07:14 PM,24,31,31,27,25,47,83,0.0,1011,27,10,30,17,singapore
2019-01-11 00:00:00,31,26,0.0,11.6,7,34,10:57 AM,11:16 PM,07:11 AM,07:14 PM,24,30,30,27,25,54,85,0.1,1011,27,10,22,17,singapore
2019-01-11 03:00:00,31,26,0.0,11.6,7,34,10:57 AM,11:16 PM,07:11 AM,07:14 PM,24,30,30,26,24,45,87,0.5,1010,26,9,12,16,singapore
2019-01-11 06:00:00,31,26,0.0,11.6,7,34,10:57 AM,11:16 PM,07:11 AM,07:14 PM,24,30,30,26,22,31,84,0.6,1011,26,9,14,15,singapore
2019-01-11 09:00:00,31,26,0.0,11.6,7,34,10:57 AM,11:16 PM,07:11 AM,07:14 PM,23,34,34,30,22,25,66,0.0,1012,30,10,26,16,singapore
2019-01-11 12:00:00,31,26,0.0,11.6,7,34,10:57 AM,11:16 PM,07:11 AM,07:14 PM,23,35,35,31,22,25,61,0.0,1010,31,10,37,19,singapore
2019-01-11 15:00:00,31,26,0.0,11.6,7,34,10:57 AM,11:16 PM,07:11 AM,07:14 PM,22,33,33,30,26,11,65,0.2,1009,30,10,39,21,singapore
2019-01-11 18:00:00,31,26,0.0,11.6,7,34,10:57 AM,11:16 PM,07:11 AM,07:14 PM,23,30,30,27,28,9,76,0.2,1009,27,10,30,20,singapore
2019-01-11 21:00:00,31,26,0.0,11.6,7,34,10:57 AM,11:16 PM,07:11 AM,07:14 PM,23,30,30,27,26,22,80,0.0,1011,27,10,18,18,singapore
2019-01-12 00:00:00,32,26,0.0,11.6,7,41,11:39 AM,11:58 PM,07:11 AM,07:14 PM,23,29,29,26,24,33,83,0.0,1011,26,10,8,17,singapore
2019-01-12 03:00:00,32,26,0.0,11.6,7,41,11:39 AM,11:58 PM,07:11 AM,07:14 PM,23,28,28,26,23,36,85,0.0,1010,26,10,3,16,singapore
2019-01-12 06:00:00,32,26,0.0,11.6,7,41,11:39 AM,11:58 PM,07:11 AM,07:14 PM,23,29,29,26,22,31,83,0.0,1011,26,10,2,15,singapore
2019-01-12 09:00:00,32,26,0.0,11.6,7,41,11:39 AM,11:58 PM,07:11 AM,07:14 PM,22,34,34,30,19,19,64,0.0,1012,30,10,5,14,singapore
2019-01-12 12:00:00,32,26,0.0,11.6,7,41,11:39 AM,11:58 PM,07:11 AM,07:14 PM,22,36,36,32,15,21,55,0.0,1011,32,10,22,13,singapore
2019-01-12 15:00:00,32,26,0.0,11.6,7,41,11:39 AM,11:58 PM,07:11 AM,07:14 PM,22,35,35,31,20,7,62,0.1,1009,31,10,37,16,singapore
2019-01-12 18:00:00,32,26,0.0,11.6,7,41,11:39 AM,11:58 PM,07:11 AM,07:14 PM,23,31,31,27,25,16,79,0.1,1009,27,10,34,19,singapore
2019-01-12 21:00:00,32,26,0.0,11.6,7,41,11:39 AM,11:58 PM,07:11 AM,07:14 PM,24,30,30,27,27,31,82,0.0,1011,27,10,25,19,singapore
2019-01-13 00:00:00,31,26,0.0,11.6,7,48,12:21 PM,No moonset,07:12 AM,07:15 PM,23,30,30,26,23,38,83,0.0,1011,26,10,14,16,singapore
2019-01-13 03:00:00,31,26,0.0,11.6,7,48,12:21 PM,No moonset,07:12 AM,07:15 PM,23,29,29,26,20,33,84,0.2,1010,26,9,6,14,singapore
2019-01-13 06:00:00,31,26,0.0,11.6,7,48,12:21 PM,No moonset,07:12 AM,07:15 PM,23,29,29,26,19,30,83,0.2,1011,26,9,123,13,singapore
2019-01-13 09:00:00,31,26,0.0,11.6,7,48,12:21 PM,No moonset,07:12 AM,07:15 PM,23,34,34,30,18,16,66,0.8,1011,30,9,246,13,singapore
2019-01-13 12:00:00,31,26,0.0,11.6,7,48,12:21 PM,No moonset,07:12 AM,07:15 PM,24,36,36,31,20,27,64,3.7,1010,31,7,23,15,singapore
2019-01-13 15:00:00,31,26,0.0,11.6,7,48,12:21 PM,No moonset,07:12 AM,07:15 PM,23,35,35,31,25,46,64,2.3,1008,31,10,32,15,singapore
2019-01-13 18:00:00,31,26,0.0,11.6,7,48,12:21 PM,No moonset,07:12 AM,07:15 PM,24,31,31,28,25,23,79,2.6,1009,28,7,33,17,singapore
2019-01-13 21:00:00,31,26,0.0,11.6,7,48,12:21 PM,No moonset,07:12 AM,07:15 PM,24,30,30,27,25,52,84,1.0,1010,27,10,25,17,singapore
2019-01-14 00:00:00,30,26,0.0,11.6,6,55,01:04 PM,12:41 AM,07:12 AM,07:15 PM,24,29,29,26,22,45,87,5.4,1010,26,7,17,15,singapore
2019-01-14 03:00:00,30,26,0.0,11.6,6,55,01:04 PM,12:41 AM,07:12 AM,07:15 PM,24,29,29,26,26,58,86,0.1,1009,26,10,16,16,singapore
2019-01-14 06:00:00,30,26,0.0,11.6,6,55,01:04 PM,12:41 AM,07:12 AM,07:15 PM,24,30,30,27,34,56,85,0.1,1010,27,10,15,18,singapore
2019-01-14 09:00:00,30,26,0.0,11.6,6,55,01:04 PM,12:41 AM,07:12 AM,07:15 PM,23,34,34,30,28,45,69,0.6,1010,30,9,7,16,singapore
2019-01-14 12:00:00,30,26,0.0,11.6,6,55,01:04 PM,12:41 AM,07:12 AM,07:15 PM,24,34,34,30,19,44,73,6.4,1009,30,7,8,14,singapore
2019-01-14 15:00:00,30,26,0.0,11.6,6,55,01:04 PM,12:41 AM,07:12 AM,07:15 PM,24,33,33,29,27,37,77,4.3,1008,29,7,14,15,singapore
2019-01-14 18:00:00,30,26,0.0,11.6,6,55,01:04 PM,12:41 AM,07:12 AM,07:15 PM,24,31,31,27,28,29,84,5.0,1009,27,7,17,16,singapore
2019-01-14 21:00:00,30,26,0.0,11.6,6,55,01:04 PM,12:41 AM,07:12 AM,07:15 PM,24,30,30,27,24,19,84,0.2,1010,27,9,17,14,singapore
2019-01-15 00:00:00,32,26,0.0,11.6,6,61,01:49 PM,01:26 AM,07:12 AM,07:16 PM,23,29,29,26,21,33,84,0.2,1010,26,9,10,14,singapore
2019-01-15 03:00:00,32,26,0.0,11.6,6,61,01:49 PM,01:26 AM,07:12 AM,07:16 PM,23,29,29,26,21,33,84,0.0,1009,26,10,123,14,singapore
2019-01-15 06:00:00,32,26,0.0,11.6,6,61,01:49 PM,01:26 AM,07:12 AM,07:16 PM,23,29,29,26,21,38,84,0.0,1010,26,10,356,14,singapore
2019-01-15 09:00:00,32,26,0.0,11.6,6,61,01:49 PM,01:26 AM,07:12 AM,07:16 PM,23,33,33,29,20,35,69,0.0,1010,29,10,234,14,singapore
2019-01-15 12:00:00,32,26,0.0,11.6,6,61,01:49 PM,01:26 AM,07:12 AM,07:16 PM,22,36,36,32,17,25,57,0.0,1009,32,10,5,14,singapore
2019-01-15 15:00:00,32,26,0.0,11.6,6,61,01:49 PM,01:26 AM,07:12 AM,07:16 PM,22,35,35,31,17,10,58,0.0,1008,31,10,11,13,singapore
2019-01-15 18:00:00,32,26,0.0,11.6,6,61,01:49 PM,01:26 AM,07:12 AM,07:16 PM,23,32,32,28,19,8,73,0.0,1009,28,10,12,14,singapore
2019-01-15 21:00:00,32,26,0.0,11.6,6,61,01:49 PM,01:26 AM,07:12 AM,07:16 PM,23,31,31,28,20,7,76,0.0,1010,28,10,124,14,singapore
2019-01-16 00:00:00,31,26,0.0,11.6,7,68,02:36 PM,02:13 AM,07:13 AM,07:16 PM,23,29,29,26,21,8,80,0.0,1010,26,10,351,14,singapore
2019-01-16 03:00:00,31,26,0.0,11.6,7,68,02:36 PM,02:13 AM,07:13 AM,07:16 PM,23,28,28,26,23,19,83,0.0,1009,26,10,349,15,singapore
2019-01-16 06:00:00,31,26,0.0,11.6,7,68,02:36 PM,02:13 AM,07:13 AM,07:16 PM,23,29,29,26,22,47,84,0.0,1010,26,10,341,15,singapore
2019-01-16 09:00:00,31,26,0.0,11.6,7,68,02:36 PM,02:13 AM,07:13 AM,07:16 PM,23,34,34,30,22,29,67,0.0,1010,30,10,338,16,singapore
2019-01-16 12:00:00,31,26,0.0,11.6,7,68,02:36 PM,02:13 AM,07:13 AM,07:16 PM,23,36,36,31,19,39,64,1.2,1009,31,10,234,15,singapore
2019-01-16 15:00:00,31,26,0.0,11.6,7,68,02:36 PM,02:13 AM,07:13 AM,07:16 PM,24,34,34,30,22,49,71,3.1,1008,30,7,5,15,singapore
2019-01-16 18:00:00,31,26,0.0,11.6,7,68,02:36 PM,02:13 AM,07:13 AM,07:16 PM,24,31,31,27,33,29,82,4.5,1009,27,7,2,18,singapore
2019-01-16 21:00:00,31,26,0.0,11.6,7,68,02:36 PM,02:13 AM,07:13 AM,07:16 PM,23,29,29,26,40,26,84,0.4,1010,26,9,1,19,singapore
2019-01-17 00:00:00,29,25,0.0,10.2,6,75,03:28 PM,03:03 AM,07:13 AM,07:16 PM,23,29,29,26,41,55,84,0.4,1009,26,10,118,19,singapore
2019-01-17 03:00:00,29,25,0.0,10.2,6,75,03:28 PM,03:03 AM,07:13 AM,07:16 PM,23,28,28,25,34,49,86,0.6,1009,25,9,348,17,singapore
2019-01-17 06:00:00,29,25,0.0,10.2,6,75,03:28 PM,03:03 AM,07:13 AM,07:16 PM,23,28,28,26,24,51,85,1.5,1009,26,10,338,15,singapore
2019-01-17 09:00:00,29,25,0.0,10.2,6,75,03:28 PM,03:03 AM,07:13 AM,07:16 PM,24,32,32,28,27,59,79,4.2,1010,28,7,343,15,singapore
2019-01-17 12:00:00,29,25,0.0,10.2,6,75,03:28 PM,03:03 AM,07:13 AM,07:16 PM,24,33,33,29,33,29,77,11.4,1008,29,3,234,18,singapore
2019-01-17 15:00:00,29,25,0.0,10.2,6,75,03:28 PM,03:03 AM,07:13 AM,07:16 PM,24,32,32,28,38,54,81,8.1,1007,28,3,6,18,singapore
2019-01-17 18:00:00,29,25,0.0,10.2,6,75,03:28 PM,03:03 AM,07:13 AM,07:16 PM,24,29,29,26,38,69,87,13.9,1008,26,3,10,19,singapore
2019-01-17 21:00:00,29,25,0.0,10.2,6,75,03:28 PM,03:03 AM,07:13 AM,07:16 PM,24,28,28,25,34,81,89,0.5,1010,25,10,13,18,singapore
2019-01-18 00:00:00,29,25,0.0,10.2,6,82,04:24 PM,03:58 AM,07:13 AM,07:17 PM,23,28,28,25,26,41,88,5.1,1009,25,7,15,18,singapore
2019-01-18 03:00:00,29,25,0.0,10.2,6,82,04:24 PM,03:58 AM,07:13 AM,07:17 PM,23,28,28,25,27,93,89,5.9,1009,25,7,13,18,singapore
2019-01-18 06:00:00,29,25,0.0,10.2,6,82,04:24 PM,03:58 AM,07:13 AM,07:17 PM,23,28,28,25,35,49,89,8.5,1009,25,3,11,21,singapore
2019-01-18 09:00:00,29,25,0.0,10.2,6,82,04:24 PM,03:58 AM,07:13 AM,07:17 PM,24,31,31,27,42,78,81,0.8,1010,27,10,11,23,singapore
2019-01-18 12:00:00,29,25,0.0,10.2,6,82,04:24 PM,03:58 AM,07:13 AM,07:17 PM,23,33,33,29,30,59,70,1.1,1009,29,10,14,23,singapore
2019-01-18 15:00:00,29,25,0.0,10.2,6,82,04:24 PM,03:58 AM,07:13 AM,07:17 PM,23,33,33,29,32,50,70,0.3,1007,29,10,19,25,singapore
2019-01-18 18:00:00,29,25,0.0,10.2,6,82,04:24 PM,03:58 AM,07:13 AM,07:17 PM,22,30,30,27,34,38,77,0.3,1008,27,9,18,24,singapore
2019-01-18 21:00:00,29,25,0.0,10.2,6,82,04:24 PM,03:58 AM,07:13 AM,07:17 PM,23,29,29,26,32,34,80,0.0,1010,26,10,14,21,singapore
2019-01-19 00:00:00,31,26,0.0,10.2,7,88,05:24 PM,04:56 AM,07:14 AM,07:17 PM,23,29,29,26,29,49,82,0.0,1009,26,10,12,19,singapore
2019-01-19 03:00:00,31,26,0.0,10.2,7,88,05:24 PM,04:56 AM,07:14 AM,07:17 PM,23,28,28,26,27,52,84,0.0,1009,26,10,123,18,singapore
2019-01-19 06:00:00,31,26,0.0,10.2,7,88,05:24 PM,04:56 AM,07:14 AM,07:17 PM,23,29,29,26,26,57,83,0.0,1009,26,10,355,17,singapore
2019-01-19 09:00:00,31,26,0.0,10.2,7,88,05:24 PM,04:56 AM,07:14 AM,07:17 PM,23,34,34,30,25,58,68,0.0,1010,30,10,240,18,singapore
2019-01-19 12:00:00,31,26,0.0,10.2,7,88,05:24 PM,04:56 AM,07:14 AM,07:17 PM,23,35,35,31,23,75,64,0.1,1008,31,10,11,18,singapore
2019-01-19 15:00:00,31,26,0.0,10.2,7,88,05:24 PM,04:56 AM,07:14 AM,07:17 PM,23,34,34,30,27,33,65,0.1,1008,30,10,18,20,singapore
2019-01-19 18:00:00,31,26,0.0,10.2,7,88,05:24 PM,04:56 AM,07:14 AM,07:17 PM,23,30,30,27,30,26,78,0.1,1008,27,10,16,22,singapore
2019-01-19 21:00:00,31,26,0.0,10.2,7,88,05:24 PM,04:56 AM,07:14 AM,07:17 PM,23,30,30,27,30,26,81,0.0,1010,27,10,9,20,singapore
2019-01-20 00:00:00,31,26,0.0,11.6,7,95,06:27 PM,05:58 AM,07:14 AM,07:17 PM,23,29,29,26,28,40,84,0.0,1010,26,10,7,19,singapore
2019-01-20 03:00:00,31,26,0.0,11.6,7,95,06:27 PM,05:58 AM,07:14 AM,07:17 PM,23,29,29,26,28,49,84,0.0,1009,26,10,124,19,singapore
2019-01-20 06:00:00,31,26,0.0,11.6,7,95,06:27 PM,05:58 AM,07:14 AM,07:17 PM,24,30,30,26,27,52,84,0.0,1010,26,10,356,18,singapore
2019-01-20 09:00:00,31,26,0.0,11.6,7,95,06:27 PM,05:58 AM,07:14 AM,07:17 PM,23,35,35,30,24,48,67,0.0,1011,30,10,236,18,singapore
2019-01-20 12:00:00,31,26,0.0,11.6,7,95,06:27 PM,05:58 AM,07:14 AM,07:17 PM,23,36,36,31,25,38,63,0.0,1010,31,10,13,21,singapore
2019-01-20 15:00:00,31,26,0.0,11.6,7,95,06:27 PM,05:58 AM,07:14 AM,07:17 PM,24,34,34,29,29,53,73,3.3,1008,29,7,20,22,singapore
2019-01-20 18:00:00,31,26,0.0,11.6,7,95,06:27 PM,05:58 AM,07:14 AM,07:17 PM,23,30,30,27,33,44,81,3.5,1009,27,7,18,22,singapore
2019-01-20 21:00:00,31,26,0.0,11.6,7,95,06:27 PM,05:58 AM,07:14 AM,07:17 PM,24,31,31,27,30,39,82,0.0,1011,27,10,17,20,singapore
2019-01-21 00:00:00,32,26,0.0,11.6,6,98,07:31 PM,07:02 AM,07:14 AM,07:18 PM,24,30,30,27,27,45,84,0.9,1011,27,10,14,19,singapore
2019-01-21 03:00:00,32,26,0.0,11.6,6,98,07:31 PM,07:02 AM,07:14 AM,07:18 PM,24,29,29,26,26,58,88,8.9,1010,26,3,125,18,singapore
2019-01-21 06:00:00,32,26,0.0,11.6,6,98,07:31 PM,07:02 AM,07:14 AM,07:18 PM,24,29,29,26,26,31,88,13.7,1011,26,3,350,18,singapore
2019-01-21 09:00:00,32,26,0.0,11.6,6,98,07:31 PM,07:02 AM,07:14 AM,07:18 PM,24,33,33,29,30,31,72,3.4,1012,29,7,349,19,singapore
2019-01-21 12:00:00,32,26,0.0,11.6,6,98,07:31 PM,07:02 AM,07:14 AM,07:18 PM,23,36,36,32,37,18,59,4.4,1011,32,7,241,21,singapore
2019-01-21 15:00:00,32,26,0.0,11.6,6,98,07:31 PM,07:02 AM,07:14 AM,07:18 PM,24,34,34,30,37,27,70,4.2,1009,30,7,13,22,singapore
2019-01-21 18:00:00,32,26,0.0,11.6,6,98,07:31 PM,07:02 AM,07:14 AM,07:18 PM,23,30,30,27,34,27,78,4.7,1010,27,7,17,24,singapore
2019-01-21 21:00:00,32,26,0.0,11.6,6,98,07:31 PM,07:02 AM,07:14 AM,07:18 PM,23,29,29,26,33,44,81,0.0,1012,26,10,12,23,singapore
2019-01-22 00:00:00,30,26,0.0,11.6,6,91,08:32 PM,08:04 AM,07:14 AM,07:18 PM,23,29,29,26,29,35,81,0.2,1012,26,9,6,19,singapore
2019-01-22 03:00:00,30,26,0.0,11.6,6,91,08:32 PM,08:04 AM,07:14 AM,07:18 PM,22,28,28,26,27,28,81,0.5,1011,26,9,3,18,singapore
2019-01-22 06:00:00,30,26,0.0,11.6,6,91,08:32 PM,08:04 AM,07:14 AM,07:18 PM,23,29,29,26,24,29,83,1.4,1012,26,9,2,16,singapore
2019-01-22 09:00:00,30,26,0.0,11.6,6,91,08:32 PM,08:04 AM,07:14 AM,07:18 PM,23,32,32,28,20,27,71,1.3,1013,28,9,119,14,singapore
2019-01-22 12:00:00,30,26,0.0,11.6,6,91,08:32 PM,08:04 AM,07:14 AM,07:18 PM,23,35,35,30,21,37,65,2.0,1012,30,9,243,14,singapore
2019-01-22 15:00:00,30,26,0.0,11.6,6,91,08:32 PM,08:04 AM,07:14 AM,07:18 PM,23,33,33,29,27,57,69,0.4,1010,29,10,20,18,singapore
2019-01-22 18:00:00,30,26,0.0,11.6,6,91,08:32 PM,08:04 AM,07:14 AM,07:18 PM,23,30,30,27,31,34,79,0.7,1011,27,9,18,19,singapore
2019-01-22 21:00:00,30,26,0.0,11.6,6,91,08:32 PM,08:04 AM,07:14 AM,07:18 PM,23,30,30,27,31,55,80,0.0,1013,27,10,19,19,singapore
2019-01-23 00:00:00,30,26,0.0,11.6,7,85,09:31 PM,09:04 AM,07:15 AM,07:18 PM,23,29,29,26,27,46,81,0.0,1012,26,10,14,18,singapore
2019-01-23 03:00:00,30,26,0.0,11.6,7,85,09:31 PM,09:04 AM,07:15 AM,07:18 PM,23,29,29,26,26,49,81,0.0,1011,26,10,7,17,singapore
2019-01-23 06:00:00,30,26,0.0,11.6,7,85,09:31 PM,09:04 AM,07:15 AM,07:18 PM,23,29,29,26,25,49,81,0.0,1011,26,10,6,17,singapore
2019-01-23 09:00:00,30,26,0.0,11.6,7,85,09:31 PM,09:04 AM,07:15 AM,07:18 PM,23,34,34,30,24,39,65,0.0,1012,30,10,10,18,singapore
2019-01-23 12:00:00,30,26,0.0,11.6,7,85,09:31 PM,09:04 AM,07:15 AM,07:18 PM,23,35,35,30,24,21,65,0.4,1011,30,9,19,19,singapore
2019-01-23 15:00:00,30,26,0.0,11.6,7,85,09:31 PM,09:04 AM,07:15 AM,07:18 PM,23,34,34,30,34,37,66,0.6,1009,30,9,24,23,singapore
2019-01-23 18:00:00,30,26,0.0,11.6,7,85,09:31 PM,09:04 AM,07:15 AM,07:18 PM,23,30,30,27,43,37,77,0.0,1010,27,10,25,23,singapore
2019-01-23 21:00:00,30,26,0.0,11.6,7,85,09:31 PM,09:04 AM,07:15 AM,07:18 PM,23,29,29,27,42,40,79,0.0,1012,27,10,26,22,singapore
2019-01-24 00:00:00,31,26,0.0,10.2,7,78,10:26 PM,10:00 AM,07:15 AM,07:19 PM,22,29,29,26,36,52,79,0.0,1012,26,10,25,24,singapore
2019-01-24 03:00:00,31,26,0.0,10.2,7,78,10:26 PM,10:00 AM,07:15 AM,07:19 PM,22,29,29,26,32,40,80,0.0,1011,26,10,25,22,singapore
2019-01-24 06:00:00,31,26,0.0,10.2,7,78,10:26 PM,10:00 AM,07:15 AM,07:19 PM,22,29,29,26,29,55,79,0.0,1012,26,10,24,19,singapore
2019-01-24 09:00:00,31,26,0.0,10.2,7,78,10:26 PM,10:00 AM,07:15 AM,07:19 PM,22,33,33,30,28,67,65,0.0,1013,30,10,26,20,singapore
2019-01-24 12:00:00,31,26,0.0,10.2,7,78,10:26 PM,10:00 AM,07:15 AM,07:19 PM,22,35,35,31,27,23,60,0.0,1011,31,10,33,23,singapore
2019-01-24 15:00:00,31,26,0.0,10.2,7,78,10:26 PM,10:00 AM,07:15 AM,07:19 PM,22,33,33,30,29,29,63,0.0,1010,30,10,36,24,singapore
2019-01-24 18:00:00,31,26,0.0,10.2,7,78,10:26 PM,10:00 AM,07:15 AM,07:19 PM,22,29,29,27,32,33,75,0.0,1011,27,10,31,24,singapore
2019-01-24 21:00:00,31,26,0.0,10.2,7,78,10:26 PM,10:00 AM,07:15 AM,07:19 PM,22,29,29,26,31,22,78,0.0,1013,26,10,25,22,singapore
2019-01-25 00:00:00,31,26,0.0,10.2,7,71,11:19 PM,10:53 AM,07:15 AM,07:19 PM,22,29,29,26,28,26,80,0.0,1013,26,10,20,19,singapore
2019-01-25 03:00:00,31,26,0.0,10.2,7,71,11:19 PM,10:53 AM,07:15 AM,07:19 PM,22,28,28,26,26,35,81,0.0,1012,26,10,17,18,singapore
2019-01-25 06:00:00,31,26,0.0,10.2,7,71,11:19 PM,10:53 AM,07:15 AM,07:19 PM,22,28,28,26,27,46,80,0.0,1013,26,10,14,19,singapore
2019-01-25 09:00:00,31,26,0.0,10.2,7,71,11:19 PM,10:53 AM,07:15 AM,07:19 PM,22,33,33,29,26,59,64,0.0,1013,29,10,13,19,singapore
2019-01-25 12:00:00,31,26,0.0,10.2,7,71,11:19 PM,10:53 AM,07:15 AM,07:19 PM,22,34,34,31,26,78,61,0.2,1012,31,10,21,21,singapore
2019-01-25 15:00:00,31,26,0.0,10.2,7,71,11:19 PM,10:53 AM,07:15 AM,07:19 PM,21,32,32,29,28,53,62,0.1,1010,29,10,27,23,singapore
2019-01-25 18:00:00,31,26,0.0,10.2,7,71,11:19 PM,10:53 AM,07:15 AM,07:19 PM,21,29,29,27,30,20,71,0.1,1011,27,10,24,23,singapore
2019-01-25 21:00:00,31,26,0.0,10.2,7,71,11:19 PM,10:53 AM,07:15 AM,07:19 PM,22,29,29,26,30,46,76,0.0,1013,26,10,20,21,singapore
2019-01-26 00:00:00,31,26,0.0,11.6,7,64,No moonrise,11:43 AM,07:15 AM,07:19 PM,22,28,28,26,29,29,79,0.0,1013,26,10,19,20,singapore
2019-01-26 03:00:00,31,26,0.0,11.6,7,64,No moonrise,11:43 AM,07:15 AM,07:19 PM,22,28,28,26,30,39,81,0.0,1012,26,10,21,21,singapore
2019-01-26 06:00:00,31,26,0.0,11.6,7,64,No moonrise,11:43 AM,07:15 AM,07:19 PM,22,28,28,26,29,41,81,0.0,1013,26,10,19,20,singapore
2019-01-26 09:00:00,31,26,0.0,11.6,7,64,No moonrise,11:43 AM,07:15 AM,07:19 PM,22,33,33,29,26,34,66,0.0,1013,29,10,21,19,singapore
2019-01-26 12:00:00,31,26,0.0,11.6,7,64,No moonrise,11:43 AM,07:15 AM,07:19 PM,22,35,35,31,23,22,58,0.0,1011,31,10,22,19,singapore
2019-01-26 15:00:00,31,26,0.0,11.6,7,64,No moonrise,11:43 AM,07:15 AM,07:19 PM,22,34,34,30,26,32,61,0.2,1010,30,9,31,21,singapore
2019-01-26 18:00:00,31,26,0.0,11.6,7,64,No moonrise,11:43 AM,07:15 AM,07:19 PM,22,30,30,27,31,27,75,0.2,1010,27,9,32,24,singapore
2019-01-26 21:00:00,31,26,0.0,11.6,7,64,No moonrise,11:43 AM,07:15 AM,07:19 PM,22,29,29,26,34,35,79,0.0,1013,26,10,25,24,singapore
2019-01-27 00:00:00,31,26,0.0,11.6,7,57,12:09 AM,12:31 PM,07:16 AM,07:19 PM,22,28,28,26,33,49,80,0.0,1013,26,10,23,23,singapore
2019-01-27 03:00:00,31,26,0.0,11.6,7,57,12:09 AM,12:31 PM,07:16 AM,07:19 PM,22,28,28,26,32,43,82,0.0,1012,26,10,18,22,singapore
2019-01-27 06:00:00,31,26,0.0,11.6,7,57,12:09 AM,12:31 PM,07:16 AM,07:19 PM,22,28,28,26,32,42,81,0.0,1012,26,10,16,22,singapore
2019-01-27 09:00:00,31,26,0.0,11.6,7,57,12:09 AM,12:31 PM,07:16 AM,07:19 PM,23,34,34,30,29,25,65,0.0,1013,30,10,15,22,singapore
2019-01-27 12:00:00,31,26,0.0,11.6,7,57,12:09 AM,12:31 PM,07:16 AM,07:19 PM,23,36,36,31,26,15,60,0.6,1011,31,9,18,22,singapore
2019-01-27 15:00:00,31,26,0.0,11.6,7,57,12:09 AM,12:31 PM,07:16 AM,07:19 PM,23,35,35,30,31,25,64,1.3,1010,30,9,23,22,singapore
2019-01-27 18:00:00,31,26,0.0,11.6,7,57,12:09 AM,12:31 PM,07:16 AM,07:19 PM,23,30,30,27,37,42,78,1.1,1010,27,10,21,22,singapore
2019-01-27 21:00:00,31,26,0.0,11.6,7,57,12:09 AM,12:31 PM,07:16 AM,07:19 PM,23,29,29,26,36,46,83,1.6,1012,26,10,16,22,singapore
2019-01-28 00:00:00,28,26,0.0,7.4,6,51,12:58 AM,01:20 PM,07:16 AM,07:19 PM,23,29,29,26,29,58,84,1.6,1012,26,10,14,20,singapore
2019-01-28 03:00:00,28,26,0.0,7.4,6,51,12:58 AM,01:20 PM,07:16 AM,07:19 PM,23,29,29,26,31,74,84,0.1,1011,26,10,17,21,singapore
2019-01-28 06:00:00,28,26,0.0,7.4,6,51,12:58 AM,01:20 PM,07:16 AM,07:19 PM,23,29,29,26,28,83,84,0.2,1012,26,10,11,19,singapore
2019-01-28 09:00:00,28,26,0.0,7.4,6,51,12:58 AM,01:20 PM,07:16 AM,07:19 PM,23,32,32,28,24,60,74,3.6,1012,28,7,11,18,singapore
2019-01-28 12:00:00,28,26,0.0,7.4,6,51,12:58 AM,01:20 PM,07:16 AM,07:19 PM,24,32,32,28,25,56,76,7.9,1012,28,3,19,19,singapore
2019-01-28 15:00:00,28,26,0.0,7.4,6,51,12:58 AM,01:20 PM,07:16 AM,07:19 PM,24,32,32,28,31,67,77,2.9,1010,28,7,20,20,singapore
2019-01-28 18:00:00,28,26,0.0,7.4,6,51,12:58 AM,01:20 PM,07:16 AM,07:19 PM,23,30,30,26,32,66,83,5.4,1010,26,7,18,19,singapore
2019-01-28 21:00:00,28,26,0.0,7.4,6,51,12:58 AM,01:20 PM,07:16 AM,07:19 PM,24,29,29,26,29,71,86,0.0,1011,26,10,16,17,singapore
2019-01-29 00:00:00,31,26,0.0,10.2,6,44,01:47 AM,02:07 PM,07:16 AM,07:20 PM,23,29,29,26,27,67,85,0.0,1012,26,10,18,18,singapore
2019-01-29 03:00:00,31,26,0.0,10.2,6,44,01:47 AM,02:07 PM,07:16 AM,07:20 PM,23,29,29,26,27,73,86,0.1,1011,26,10,19,19,singapore
2019-01-29 06:00:00,31,26,0.0,10.2,6,44,01:47 AM,02:07 PM,07:16 AM,07:20 PM,23,29,29,26,26,70,85,0.1,1011,26,10,13,18,singapore
2019-01-29 09:00:00,31,26,0.0,10.2,6,44,01:47 AM,02:07 PM,07:16 AM,07:20 PM,23,34,34,30,25,61,68,0.0,1012,30,10,15,19,singapore
2019-01-29 12:00:00,31,26,0.0,10.2,6,44,01:47 AM,02:07 PM,07:16 AM,07:20 PM,23,35,35,31,26,47,64,0.5,1011,31,9,30,22,singapore
2019-01-29 15:00:00,31,26,0.0,10.2,6,44,01:47 AM,02:07 PM,07:16 AM,07:20 PM,23,34,34,30,31,43,68,0.9,1009,30,10,35,22,singapore
2019-01-29 18:00:00,31,26,0.0,10.2,6,44,01:47 AM,02:07 PM,07:16 AM,07:20 PM,23,30,30,27,36,53,81,2.4,1010,27,10,33,21,singapore
2019-01-29 21:00:00,31,26,0.0,10.2,6,44,01:47 AM,02:07 PM,07:16 AM,07:20 PM,23,30,30,26,34,54,83,0.3,1012,26,10,25,19,singapore
2019-01-30 00:00:00,30,26,0.0,10.2,7,37,02:35 AM,02:55 PM,07:16 AM,07:20 PM,23,29,29,26,28,48,83,0.0,1013,26,10,21,19,singapore
2019-01-30 03:00:00,30,26,0.0,10.2,7,37,02:35 AM,02:55 PM,07:16 AM,07:20 PM,23,30,30,27,28,52,82,0.0,1012,27,10,19,19,singapore
2019-01-30 06:00:00,30,26,0.0,10.2,7,37,02:35 AM,02:55 PM,07:16 AM,07:20 PM,23,30,30,26,27,50,83,0.0,1011,26,10,13,19,singapore
2019-01-30 09:00:00,30,26,0.0,10.2,7,37,02:35 AM,02:55 PM,07:16 AM,07:20 PM,23,31,31,27,25,47,79,0.0,1012,27,10,15,18,singapore
2019-01-30 12:00:00,30,26,0.0,10.2,7,37,02:35 AM,02:55 PM,07:16 AM,07:20 PM,23,33,33,29,24,53,69,0.0,1012,29,10,27,19,singapore
2019-01-30 15:00:00,30,26,0.0,10.2,7,37,02:35 AM,02:55 PM,07:16 AM,07:20 PM,23,34,34,30,28,65,66,0.1,1010,30,10,31,22,singapore
2019-01-30 18:00:00,30,26,0.0,10.2,7,37,02:35 AM,02:55 PM,07:16 AM,07:20 PM,23,33,33,29,28,28,71,0.0,1009,29,10,29,21,singapore
2019-01-30 21:00:00,30,26,0.0,10.2,7,37,02:35 AM,02:55 PM,07:16 AM,07:20 PM,23,30,30,27,27,36,78,0.0,1011,27,10,23,19,singapore
2019-01-31 00:00:00,30,26,0.0,11.6,7,30,03:25 AM,03:45 PM,07:16 AM,07:20 PM,23,30,30,27,25,39,81,0.0,1012,27,10,22,17,singapore
2019-01-31 03:00:00,30,26,0.0,11.6,7,30,03:25 AM,03:45 PM,07:16 AM,07:20 PM,23,29,29,26,22,55,82,0.0,1012,26,10,19,15,singapore
2019-01-31 06:00:00,30,26,0.0,11.6,7,30,03:25 AM,03:45 PM,07:16 AM,07:20 PM,23,29,29,26,20,67,83,0.1,1012,26,10,12,14,singapore
2019-01-31 09:00:00,30,26,0.0,11.6,7,30,03:25 AM,03:45 PM,07:16 AM,07:20 PM,23,30,30,27,19,52,78,0.0,1013,27,10,23,14,singapore
2019-01-31 12:00:00,30,26,0.0,11.6,7,30,03:25 AM,03:45 PM,07:16 AM,07:20 PM,23,33,33,29,19,48,68,0.0,1013,29,10,47,16,singapore
2019-01-31 15:00:00,30,26,0.0,11.6,7,30,03:25 AM,03:45 PM,07:16 AM,07:20 PM,23,35,35,30,22,45,66,0.1,1011,30,10,53,18,singapore
2019-01-31 18:00:00,30,26,0.0,11.6,7,30,03:25 AM,03:45 PM,07:16 AM,07:20 PM,23,33,33,29,25,56,71,0.1,1010,29,9,47,19,singapore
2019-01-31 21:00:00,30,26,0.0,11.6,7,30,03:25 AM,03:45 PM,07:16 AM,07:20 PM,24,31,31,27,25,33,80,0.0,1011,27,10,34,18,singapore
2019-02-01 00:00:00,30,27,0.0,7.4,7,24,04:14 AM,04:33 PM,07:16 AM,07:20 PM,24,30,30,27,22,46,82,0.0,1012,27,10,25,15,singapore
2019-02-01 03:00:00,30,27,0.0,7.4,7,24,04:14 AM,04:33 PM,07:16 AM,07:20 PM,23,30,30,27,22,49,82,0.0,1012,27,10,21,15,singapore
2019-02-01 06:00:00,30,27,0.0,7.4,7,24,04:14 AM,04:33 PM,07:16 AM,07:20 PM,23,30,30,27,21,53,83,0.0,1011,27,10,19,15,singapore
2019-02-01 09:00:00,30,27,0.0,7.4,7,24,04:14 AM,04:33 PM,07:16 AM,07:20 PM,23,31,31,28,22,57,78,0.4,1012,28,10,21,16,singapore
2019-02-01 12:00:00,30,27,0.0,7.4,7,24,04:14 AM,04:33 PM,07:16 AM,07:20 PM,23,34,34,30,26,77,68,1.2,1013,30,10,31,19,singapore
2019-02-01 15:00:00,30,27,0.0,7.4,7,24,04:14 AM,04:33 PM,07:16 AM,07:20 PM,23,34,34,30,28,87,66,1.1,1011,30,9,39,21,singapore
2019-02-01 18:00:00,30,27,0.0,7.4,7,24,04:14 AM,04:33 PM,07:16 AM,07:20 PM,23,33,33,29,27,85,72,0.7,1010,29,9,36,21,singapore
2019-02-01 21:00:00,30,27,0.0,7.4,7,24,04:14 AM,04:33 PM,07:16 AM,07:20 PM,23,31,31,27,26,68,79,0.5,1011,27,9,30,18,singapore
2019-02-02 00:00:00,31,26,0.0,7.4,7,17,05:04 AM,05:23 PM,07:16 AM,07:20 PM,23,30,30,27,23,50,82,0.0,1012,27,10,27,16,singapore
2019-02-02 03:00:00,31,26,0.0,7.4,7,17,05:04 AM,05:23 PM,07:16 AM,07:20 PM,24,30,30,27,22,62,84,0.0,1011,27,10,25,15,singapore
2019-02-02 06:00:00,31,26,0.0,7.4,7,17,05:04 AM,05:23 PM,07:16 AM,07:20 PM,24,30,30,26,20,68,85,0.0,1010,26,10,22,14,singapore
2019-02-02 09:00:00,31,26,0.0,7.4,7,17,05:04 AM,05:23 PM,07:16 AM,07:20 PM,24,31,31,27,18,61,79,0.0,1012,27,10,27,13,singapore
2019-02-02 12:00:00,31,26,0.0,7.4,7,17,05:04 AM,05:23 PM,07:16 AM,07:20 PM,23,34,34,30,17,56,68,0.1,1012,30,10,43,14,singapore
2019-02-02 15:00:00,31,26,0.0,7.4,7,17,05:04 AM,05:23 PM,07:16 AM,07:20 PM,24,36,36,31,21,76,67,0.4,1010,31,9,48,17,singapore
2019-02-02 18:00:00,31,26,0.0,7.4,7,17,05:04 AM,05:23 PM,07:16 AM,07:20 PM,24,34,34,29,24,62,72,0.4,1009,29,9,44,18,singapore
2019-02-02 21:00:00,31,26,0.0,7.4,7,17,05:04 AM,05:23 PM,07:16 AM,07:20 PM,24,32,32,28,24,34,80,0.0,1010,28,10,37,16,singapore
2019-02-03 00:00:00,31,26,0.0,11.6,7,10,05:53 AM,06:12 PM,07:17 AM,07:21 PM,24,31,31,27,20,46,82,0.0,1012,27,10,31,14,singapore
2019-02-03 03:00:00,31,26,0.0,11.6,7,10,05:53 AM,06:12 PM,07:17 AM,07:21 PM,24,29,29,26,18,57,87,0.0,1011,26,10,27,12,singapore
2019-02-03 06:00:00,31,26,0.0,11.6,7,10,05:53 AM,06:12 PM,07:17 AM,07:21 PM,24,30,30,26,17,60,85,0.0,1012,26,10,14,12,singapore
2019-02-03 09:00:00,31,26,0.0,11.6,7,10,05:53 AM,06:12 PM,07:17 AM,07:21 PM,23,34,34,30,17,41,68,0.2,1013,30,9,17,13,singapore
2019-02-03 12:00:00,31,26,0.0,11.6,7,10,05:53 AM,06:12 PM,07:17 AM,07:21 PM,24,36,36,31,21,33,64,0.9,1011,31,9,41,17,singapore
2019-02-03 15:00:00,31,26,0.0,11.6,7,10,05:53 AM,06:12 PM,07:17 AM,07:21 PM,23,35,35,31,25,28,64,0.4,1010,31,9,44,20,singapore
2019-02-03 18:00:00,31,26,0.0,11.6,7,10,05:53 AM,06:12 PM,07:17 AM,07:21 PM,23,31,31,28,26,32,79,0.5,1011,28,9,41,20,singapore
2019-02-03 21:00:00,31,26,0.0,11.6,7,10,05:53 AM,06:12 PM,07:17 AM,07:21 PM,24,30,30,27,25,27,84,2.3,1013,27,9,29,17,singapore
2019-02-04 00:00:00,32,26,0.0,11.6,6,3,06:41 AM,06:59 PM,07:17 AM,07:21 PM,24,30,30,26,23,31,86,4.4,1013,26,7,21,16,singapore
2019-02-04 03:00:00,32,26,0.0,11.6,6,3,06:41 AM,06:59 PM,07:17 AM,07:21 PM,24,29,29,26,23,33,86,2.4,1012,26,9,13,16,singapore
2019-02-04 06:00:00,32,26,0.0,11.6,6,3,06:41 AM,06:59 PM,07:17 AM,07:21 PM,24,30,30,26,22,41,85,2.5,1013,26,10,8,15,singapore
2019-02-04 09:00:00,32,26,0.0,11.6,6,3,06:41 AM,06:59 PM,07:17 AM,07:21 PM,23,34,34,30,21,43,67,0.0,1013,30,10,14,15,singapore
2019-02-04 12:00:00,32,26,0.0,11.6,6,3,06:41 AM,06:59 PM,07:17 AM,07:21 PM,22,37,37,32,21,13,57,0.1,1012,32,10,32,16,singapore
2019-02-04 15:00:00,32,26,0.0,11.6,6,3,06:41 AM,06:59 PM,07:17 AM,07:21 PM,22,35,35,31,23,20,60,0.3,1011,31,9,39,18,singapore
2019-02-04 18:00:00,32,26,0.0,11.6,6,3,06:41 AM,06:59 PM,07:17 AM,07:21 PM,23,32,32,28,25,8,76,0.4,1011,28,10,36,19,singapore
2019-02-04 21:00:00,32,26,0.0,11.6,6,3,06:41 AM,06:59 PM,07:17 AM,07:21 PM,24,31,31,27,24,14,82,1.5,1013,27,9,27,17,singapore
2019-02-05 00:00:00,32,26,0.0,10.2,6,4,07:27 AM,07:46 PM,07:17 AM,07:21 PM,24,30,30,27,24,13,84,1.6,1013,27,9,18,16,singapore
2019-02-05 03:00:00,32,26,0.0,10.2,6,4,07:27 AM,07:46 PM,07:17 AM,07:21 PM,23,29,29,26,25,17,85,0.0,1012,26,10,11,17,singapore
2019-02-05 06:00:00,32,26,0.0,10.2,6,4,07:27 AM,07:46 PM,07:17 AM,07:21 PM,23,29,29,26,22,32,84,0.0,1013,26,10,6,15,singapore
2019-02-05 09:00:00,32,26,0.0,10.2,6,4,07:27 AM,07:46 PM,07:17 AM,07:21 PM,23,34,34,30,20,29,64,0.0,1014,30,10,8,15,singapore
2019-02-05 12:00:00,32,26,0.0,10.2,6,4,07:27 AM,07:46 PM,07:17 AM,07:21 PM,22,36,36,32,19,65,57,0.0,1012,32,10,19,16,singapore
2019-02-05 15:00:00,32,26,0.0,10.2,6,4,07:27 AM,07:46 PM,07:17 AM,07:21 PM,22,35,35,31,19,28,59,0.7,1010,31,9,32,17,singapore
2019-02-05 18:00:00,32,26,0.0,10.2,6,4,07:27 AM,07:46 PM,07:17 AM,07:21 PM,22,30,30,27,23,4,74,0.7,1011,27,10,34,18,singapore
2019-02-05 21:00:00,32,26,0.0,10.2,6,4,07:27 AM,07:46 PM,07:17 AM,07:21 PM,23,30,30,27,27,20,82,0.0,1013,27,10,28,19,singapore
2019-02-06 00:00:00,33,25,0.0,11.6,7,10,08:12 AM,08:30 PM,07:17 AM,07:21 PM,23,29,29,26,25,37,84,0.0,1012,26,10,23,18,singapore
2019-02-06 03:00:00,33,25,0.0,11.6,7,10,08:12 AM,08:30 PM,07:17 AM,07:21 PM,22,28,28,25,25,30,84,0.0,1011,25,10,20,17,singapore
2019-02-06 06:00:00,33,25,0.0,11.6,7,10,08:12 AM,08:30 PM,07:17 AM,07:21 PM,22,28,28,25,24,30,82,0.0,1012,25,10,18,17,singapore
2019-02-06 09:00:00,33,25,0.0,11.6,7,10,08:12 AM,08:30 PM,07:17 AM,07:21 PM,21,33,33,30,20,7,60,0.0,1013,30,10,19,15,singapore
2019-02-06 12:00:00,33,25,0.0,11.6,7,10,08:12 AM,08:30 PM,07:17 AM,07:21 PM,21,36,36,33,15,3,50,0.0,1011,33,10,30,14,singapore
2019-02-06 15:00:00,33,25,0.0,11.6,7,10,08:12 AM,08:30 PM,07:17 AM,07:21 PM,21,34,34,31,17,0,53,0.0,1009,31,10,42,14,singapore
2019-02-06 18:00:00,33,25,0.0,11.6,7,10,08:12 AM,08:30 PM,07:17 AM,07:21 PM,22,29,29,27,26,0,73,0.0,1010,27,10,46,19,singapore
2019-02-06 21:00:00,33,25,0.0,11.6,7,10,08:12 AM,08:30 PM,07:17 AM,07:21 PM,23,29,29,27,28,9,79,0.0,1012,27,10,33,20,singapore
2019-02-07 00:00:00,32,25,0.0,8.8,7,17,08:55 AM,09:14 PM,07:17 AM,07:21 PM,23,29,29,26,21,29,82,0.0,1012,26,10,28,14,singapore
2019-02-07 03:00:00,32,25,0.0,8.8,7,17,08:55 AM,09:14 PM,07:17 AM,07:21 PM,22,28,28,25,18,35,84,0.0,1011,25,10,22,12,singapore
2019-02-07 06:00:00,32,25,0.0,8.8,7,17,08:55 AM,09:14 PM,07:17 AM,07:21 PM,23,28,28,26,17,37,83,0.0,1012,26,10,10,12,singapore
2019-02-07 09:00:00,32,25,0.0,8.8,7,17,08:55 AM,09:14 PM,07:17 AM,07:21 PM,22,34,34,30,17,10,61,0.0,1013,30,10,6,13,singapore
2019-02-07 12:00:00,32,25,0.0,8.8,7,17,08:55 AM,09:14 PM,07:17 AM,07:21 PM,22,36,36,32,15,80,56,0.0,1012,32,10,25,13,singapore
2019-02-07 15:00:00,32,25,0.0,8.8,7,17,08:55 AM,09:14 PM,07:17 AM,07:21 PM,22,35,35,31,17,63,60,0.1,1010,31,10,44,14,singapore
2019-02-07 18:00:00,32,25,0.0,8.8,7,17,08:55 AM,09:14 PM,07:17 AM,07:21 PM,22,30,30,27,25,25,72,0.2,1011,27,9,44,19,singapore
2019-02-07 21:00:00,32,25,0.0,8.8,7,17,08:55 AM,09:14 PM,07:17 AM,07:21 PM,22,30,30,27,26,16,76,0.0,1013,27,10,36,18,singapore
2019-02-08 00:00:00,32,26,0.0,8.8,7,24,09:38 AM,09:56 PM,07:17 AM,07:21 PM,23,29,29,26,21,45,81,0.0,1013,26,10,28,15,singapore
2019-02-08 03:00:00,32,26,0.0,8.8,7,24,09:38 AM,09:56 PM,07:17 AM,07:21 PM,23,29,29,26,21,29,84,0.0,1011,26,10,14,14,singapore
2019-02-08 06:00:00,32,26,0.0,8.8,7,24,09:38 AM,09:56 PM,07:17 AM,07:21 PM,23,29,29,26,18,55,84,0.0,1012,26,10,124,13,singapore
2019-02-08 09:00:00,32,26,0.0,8.8,7,24,09:38 AM,09:56 PM,07:17 AM,07:21 PM,23,35,35,31,16,77,64,0.0,1013,31,10,245,12,singapore
2019-02-08 12:00:00,32,26,0.0,8.8,7,24,09:38 AM,09:56 PM,07:17 AM,07:21 PM,22,37,37,32,15,64,55,0.1,1011,32,10,28,13,singapore
2019-02-08 15:00:00,32,26,0.0,8.8,7,24,09:38 AM,09:56 PM,07:17 AM,07:21 PM,23,36,36,31,20,41,61,1.5,1010,31,10,47,17,singapore
2019-02-08 18:00:00,32,26,0.0,8.8,7,24,09:38 AM,09:56 PM,07:17 AM,07:21 PM,23,32,32,28,24,21,76,1.6,1010,28,9,39,18,singapore
2019-02-08 21:00:00,32,26,0.0,8.8,7,24,09:38 AM,09:56 PM,07:17 AM,07:21 PM,24,31,31,27,22,20,83,0.0,1012,27,10,29,15,singapore
2019-02-09 00:00:00,33,26,0.0,10.2,7,31,10:19 AM,10:39 PM,07:17 AM,07:21 PM,24,30,30,27,17,23,85,0.1,1012,27,10,12,12,singapore
2019-02-09 03:00:00,33,26,0.0,10.2,7,31,10:19 AM,10:39 PM,07:17 AM,07:21 PM,24,29,29,26,15,25,87,1.0,1011,26,9,126,11,singapore
2019-02-09 06:00:00,33,26,0.0,10.2,7,31,10:19 AM,10:39 PM,07:17 AM,07:21 PM,24,29,29,26,13,35,85,1.5,1012,26,9,343,9,singapore
2019-02-09 09:00:00,33,26,0.0,10.2,7,31,10:19 AM,10:39 PM,07:17 AM,07:21 PM,23,36,36,31,12,19,62,0.0,1013,31,10,214,9,singapore
2019-02-09 12:00:00,33,26,0.0,10.2,7,31,10:19 AM,10:39 PM,07:17 AM,07:21 PM,22,38,38,33,14,70,53,0.1,1011,33,10,6,9,singapore
2019-02-09 15:00:00,33,26,0.0,10.2,7,31,10:19 AM,10:39 PM,07:17 AM,07:21 PM,23,35,35,31,22,59,61,0.1,1009,31,10,21,13,singapore
2019-02-09 18:00:00,33,26,0.0,10.2,7,31,10:19 AM,10:39 PM,07:17 AM,07:21 PM,24,32,32,28,26,43,77,0.2,1010,28,9,29,17,singapore
2019-02-09 21:00:00,33,26,0.0,10.2,7,31,10:19 AM,10:39 PM,07:17 AM,07:21 PM,24,31,31,27,26,32,84,1.2,1012,27,9,25,17,singapore
2019-02-10 00:00:00,32,26,0.0,11.6,6,37,11:01 AM,11:22 PM,07:17 AM,07:21 PM,24,30,30,27,24,30,86,1.8,1012,27,9,24,17,singapore
2019-02-10 03:00:00,32,26,0.0,11.6,6,37,11:01 AM,11:22 PM,07:17 AM,07:21 PM,24,29,29,26,24,37,88,2.5,1012,26,7,21,17,singapore
2019-02-10 06:00:00,32,26,0.0,11.6,6,37,11:01 AM,11:22 PM,07:17 AM,07:21 PM,24,29,29,26,21,43,86,2.5,1013,26,7,17,15,singapore
2019-02-10 09:00:00,32,26,0.0,11.6,6,37,11:01 AM,11:22 PM,07:17 AM,07:21 PM,23,35,35,31,19,29,64,0.0,1014,31,10,20,14,singapore
2019-02-10 12:00:00,32,26,0.0,11.6,6,37,11:01 AM,11:22 PM,07:17 AM,07:21 PM,23,36,36,32,18,36,58,0.2,1012,32,9,32,16,singapore
2019-02-10 15:00:00,32,26,0.0,11.6,6,37,11:01 AM,11:22 PM,07:17 AM,07:21 PM,23,36,36,31,26,18,60,0.2,1011,31,9,44,21,singapore
2019-02-10 18:00:00,32,26,0.0,11.6,6,37,11:01 AM,11:22 PM,07:17 AM,07:21 PM,23,30,30,27,30,14,75,0.1,1012,27,10,38,23,singapore
2019-02-10 21:00:00,32,26,0.0,11.6,6,37,11:01 AM,11:22 PM,07:17 AM,07:21 PM,23,29,29,26,30,42,81,0.0,1014,26,10,28,21,singapore
2019-02-11 00:00:00,32,25,0.0,11.6,7,44,11:44 AM,No moonset,07:17 AM,07:21 PM,22,28,28,26,28,45,82,0.0,1014,26,10,25,20,singapore
2019-02-11 03:00:00,32,25,0.0,11.6,7,44,11:44 AM,No moonset,07:17 AM,07:21 PM,22,27,27,25,27,39,82,0.0,1013,25,10,21,19,singapore
2019-02-11 06:00:00,32,25,0.0,11.6,7,44,11:44 AM,No moonset,07:17 AM,07:21 PM,21,27,27,25,27,29,79,0.0,1014,25,10,18,18,singapore
2019-02-11 09:00:00,32,25,0.0,11.6,7,44,11:44 AM,No moonset,07:17 AM,07:21 PM,21,32,32,29,25,8,60,0.0,1015,29,10,18,19,singapore
2019-02-11 12:00:00,32,25,0.0,11.6,7,44,11:44 AM,No moonset,07:17 AM,07:21 PM,20,35,35,32,23,7,52,0.0,1013,32,10,24,20,singapore
2019-02-11 15:00:00,32,25,0.0,11.6,7,44,11:44 AM,No moonset,07:17 AM,07:21 PM,20,33,33,31,26,7,53,0.0,1011,31,10,34,22,singapore
2019-02-11 18:00:00,32,25,0.0,11.6,7,44,11:44 AM,No moonset,07:17 AM,07:21 PM,20,28,28,26,31,10,69,0.0,1012,26,10,33,23,singapore
2019-02-11 21:00:00,32,25,0.0,11.6,7,44,11:44 AM,No moonset,07:17 AM,07:21 PM,21,28,28,26,31,53,77,0.0,1014,26,10,28,21,singapore
2019-02-12 00:00:00,34,25,0.0,11.6,8,51,12:29 PM,12:07 AM,07:17 AM,07:21 PM,22,28,28,26,27,47,81,0.0,1014,26,10,26,18,singapore
2019-02-12 03:00:00,34,25,0.0,11.6,8,51,12:29 PM,12:07 AM,07:17 AM,07:21 PM,22,28,28,25,20,25,83,0.0,1013,25,10,136,13,singapore
2019-02-12 06:00:00,34,25,0.0,11.6,8,51,12:29 PM,12:07 AM,07:17 AM,07:21 PM,22,28,28,25,13,17,84,0.0,1014,25,10,350,9,singapore
2019-02-12 09:00:00,34,25,0.0,11.6,8,51,12:29 PM,12:07 AM,07:17 AM,07:21 PM,22,35,35,31,12,20,59,0.0,1015,31,10,232,10,singapore
2019-02-12 12:00:00,34,25,0.0,11.6,8,51,12:29 PM,12:07 AM,07:17 AM,07:21 PM,21,38,38,34,13,18,46,0.0,1014,34,10,32,11,singapore
2019-02-12 15:00:00,34,25,0.0,11.6,8,51,12:29 PM,12:07 AM,07:17 AM,07:21 PM,21,35,35,32,15,15,51,0.0,1011,32,10,49,13,singapore
2019-02-12 18:00:00,34,25,0.0,11.6,8,51,12:29 PM,12:07 AM,07:17 AM,07:21 PM,23,31,31,28,23,17,74,0.0,1012,28,10,46,17,singapore
2019-02-12 21:00:00,34,25,0.0,11.6,8,51,12:29 PM,12:07 AM,07:17 AM,07:21 PM,23,31,31,27,30,28,80,0.0,1014,27,10,28,21,singapore
2019-02-13 00:00:00,32,26,0.0,11.6,7,58,01:18 PM,12:54 AM,07:17 AM,07:21 PM,23,30,30,27,27,51,83,0.0,1014,27,10,18,19,singapore
2019-02-13 03:00:00,32,26,0.0,11.6,7,58,01:18 PM,12:54 AM,07:17 AM,07:21 PM,23,29,29,26,24,52,85,0.0,1013,26,10,15,16,singapore
2019-02-13 06:00:00,32,26,0.0,11.6,7,58,01:18 PM,12:54 AM,07:17 AM,07:21 PM,24,30,30,27,19,60,83,0.0,1014,27,10,11,13,singapore
2019-02-13 09:00:00,32,26,0.0,11.6,7,58,01:18 PM,12:54 AM,07:17 AM,07:21 PM,23,34,34,30,19,44,68,0.3,1015,30,9,24,15,singapore
2019-02-13 12:00:00,32,26,0.0,11.6,7,58,01:18 PM,12:54 AM,07:17 AM,07:21 PM,23,36,36,32,25,28,59,0.5,1013,32,9,40,21,singapore
2019-02-13 15:00:00,32,26,0.0,11.6,7,58,01:18 PM,12:54 AM,07:17 AM,07:21 PM,23,35,35,31,30,39,64,0.2,1011,31,9,49,24,singapore
2019-02-13 18:00:00,32,26,0.0,11.6,7,58,01:18 PM,12:54 AM,07:17 AM,07:21 PM,23,31,31,27,31,55,78,0.2,1012,27,10,48,24,singapore
2019-02-13 21:00:00,32,26,0.0,11.6,7,58,01:18 PM,12:54 AM,07:17 AM,07:21 PM,24,31,31,27,30,54,83,0.0,1013,27,10,43,22,singapore
2019-02-14 00:00:00,32,26,0.0,11.6,6,64,02:09 PM,01:45 AM,07:17 AM,07:21 PM,23,30,30,27,29,50,83,0.3,1013,27,9,39,20,singapore
2019-02-14 03:00:00,32,26,0.0,11.6,6,64,02:09 PM,01:45 AM,07:17 AM,07:21 PM,23,29,29,26,28,55,84,0.4,1012,26,10,33,19,singapore
2019-02-14 06:00:00,32,26,0.0,11.6,6,64,02:09 PM,01:45 AM,07:17 AM,07:21 PM,23,29,29,26,26,53,83,0.6,1012,26,10,27,18,singapore
2019-02-14 09:00:00,32,26,0.0,11.6,6,64,02:09 PM,01:45 AM,07:17 AM,07:21 PM,23,34,34,30,26,33,66,0.1,1013,30,10,30,19,singapore
2019-02-14 12:00:00,32,26,0.0,11.6,6,64,02:09 PM,01:45 AM,07:17 AM,07:21 PM,23,36,36,32,27,31,58,0.3,1012,32,9,39,23,singapore
2019-02-14 15:00:00,32,26,0.0,11.6,6,64,02:09 PM,01:45 AM,07:17 AM,07:21 PM,23,35,35,31,28,33,62,0.2,1010,31,9,42,24,singapore
2019-02-14 18:00:00,32,26,0.0,11.6,6,64,02:09 PM,01:45 AM,07:17 AM,07:21 PM,23,31,31,28,30,52,76,0.2,1011,28,10,38,24,singapore
2019-02-14 21:00:00,32,26,0.0,11.6,6,64,02:09 PM,01:45 AM,07:17 AM,07:21 PM,23,30,30,27,30,43,79,0.0,1012,27,10,30,21,singapore
2019-02-15 00:00:00,32,26,0.0,11.6,7,71,03:06 PM,02:39 AM,07:17 AM,07:21 PM,23,29,29,27,27,42,79,0.0,1012,27,10,27,19,singapore
2019-02-15 03:00:00,32,26,0.0,11.6,7,71,03:06 PM,02:39 AM,07:17 AM,07:21 PM,22,29,29,26,25,37,80,0.0,1012,26,10,24,17,singapore
2019-02-15 06:00:00,32,26,0.0,11.6,7,71,03:06 PM,02:39 AM,07:17 AM,07:21 PM,22,29,29,26,25,28,79,0.0,1013,26,10,17,17,singapore
2019-02-15 09:00:00,32,26,0.0,11.6,7,71,03:06 PM,02:39 AM,07:17 AM,07:21 PM,22,34,34,30,23,39,61,0.0,1014,30,10,22,17,singapore
2019-02-15 12:00:00,32,26,0.0,11.6,7,71,03:06 PM,02:39 AM,07:17 AM,07:21 PM,22,35,35,32,22,22,56,0.0,1012,32,10,35,19,singapore
2019-02-15 15:00:00,32,26,0.0,11.6,7,71,03:06 PM,02:39 AM,07:17 AM,07:21 PM,22,35,35,31,25,14,59,0.0,1011,31,10,40,21,singapore
2019-02-15 18:00:00,32,26,0.0,11.6,7,71,03:06 PM,02:39 AM,07:17 AM,07:21 PM,22,30,30,27,28,17,73,0.0,1012,27,10,37,22,singapore
2019-02-15 21:00:00,32,26,0.0,11.6,7,71,03:06 PM,02:39 AM,07:17 AM,07:21 PM,22,29,29,27,28,10,77,0.0,1014,27,10,25,19,singapore
2019-02-16 00:00:00,34,26,0.0,11.6,7,78,04:05 PM,03:38 AM,07:17 AM,07:21 PM,23,29,29,26,25,16,80,0.0,1014,26,10,18,17,singapore
2019-02-16 03:00:00,34,26,0.0,11.6,7,78,04:05 PM,03:38 AM,07:17 AM,07:21 PM,23,28,28,26,26,22,83,0.0,1013,26,10,14,18,singapore
2019-02-16 06:00:00,34,26,0.0,11.6,7,78,04:05 PM,03:38 AM,07:17 AM,07:21 PM,23,28,28,26,25,37,83,0.0,1014,26,10,10,17,singapore
2019-02-16 09:00:00,34,26,0.0,11.6,7,78,04:05 PM,03:38 AM,07:17 AM,07:21 PM,23,34,34,30,21,18,63,0.0,1014,30,10,11,16,singapore
2019-02-16 12:00:00,34,26,0.0,11.6,7,78,04:05 PM,03:38 AM,07:17 AM,07:21 PM,22,38,38,34,17,35,50,0.0,1012,34,10,22,14,singapore
2019-02-16 15:00:00,34,26,0.0,11.6,7,78,04:05 PM,03:38 AM,07:17 AM,07:21 PM,22,36,36,32,18,36,55,0.0,1011,32,10,40,15,singapore
2019-02-16 18:00:00,34,26,0.0,11.6,7,78,04:05 PM,03:38 AM,07:17 AM,07:21 PM,22,31,31,28,25,39,71,0.0,1011,28,10,42,19,singapore
2019-02-16 21:00:00,34,26,0.0,11.6,7,78,04:05 PM,03:38 AM,07:17 AM,07:21 PM,23,29,29,27,25,39,80,1.2,1013,27,10,28,17,singapore
2019-02-17 00:00:00,32,26,0.0,11.6,6,85,05:08 PM,04:39 AM,07:17 AM,07:21 PM,23,29,29,26,21,29,82,1.2,1012,26,9,20,14,singapore
2019-02-17 03:00:00,32,26,0.0,11.6,6,85,05:08 PM,04:39 AM,07:17 AM,07:21 PM,23,29,29,26,18,21,83,0.0,1012,26,10,17,13,singapore
2019-02-17 06:00:00,32,26,0.0,11.6,6,85,05:08 PM,04:39 AM,07:17 AM,07:21 PM,23,29,29,26,18,30,82,0.0,1013,26,10,13,13,singapore
2019-02-17 09:00:00,32,26,0.0,11.6,6,85,05:08 PM,04:39 AM,07:17 AM,07:21 PM,22,34,34,30,18,22,62,0.4,1014,30,9,12,13,singapore
2019-02-17 12:00:00,32,26,0.0,11.6,6,85,05:08 PM,04:39 AM,07:17 AM,07:21 PM,23,37,37,32,14,52,59,1.3,1012,32,10,24,12,singapore
2019-02-17 15:00:00,32,26,0.0,11.6,6,85,05:08 PM,04:39 AM,07:17 AM,07:21 PM,23,35,35,30,15,47,63,3.3,1010,30,7,34,10,singapore
2019-02-17 18:00:00,32,26,0.0,11.6,6,85,05:08 PM,04:39 AM,07:17 AM,07:21 PM,23,31,31,28,23,24,75,3.4,1011,28,7,38,13,singapore
2019-02-17 21:00:00,32,26,0.0,11.6,6,85,05:08 PM,04:39 AM,07:17 AM,07:21 PM,23,30,30,27,22,47,80,0.0,1012,27,10,43,13,singapore
2019-02-18 00:00:00,32,26,0.0,11.6,6,92,06:10 PM,05:42 AM,07:16 AM,07:21 PM,23,29,29,27,14,63,81,0.0,1012,27,10,39,10,singapore
2019-02-18 03:00:00,32,26,0.0,11.6,6,92,06:10 PM,05:42 AM,07:16 AM,07:21 PM,23,29,29,26,10,60,83,0.0,1012,26,10,34,8,singapore
2019-02-18 06:00:00,32,26,0.0,11.6,6,92,06:10 PM,05:42 AM,07:16 AM,07:21 PM,23,29,29,26,7,39,82,0.8,1013,26,10,23,5,singapore
2019-02-18 09:00:00,32,26,0.0,11.6,6,92,06:10 PM,05:42 AM,07:16 AM,07:21 PM,23,34,34,30,6,44,69,3.6,1014,30,7,47,4,singapore
2019-02-18 12:00:00,32,26,0.0,11.6,6,92,06:10 PM,05:42 AM,07:16 AM,07:21 PM,24,37,37,32,6,35,64,9.5,1012,32,3,126,4,singapore
2019-02-18 15:00:00,32,26,0.0,11.6,6,92,06:10 PM,05:42 AM,07:16 AM,07:21 PM,23,36,36,32,7,46,60,0.0,1010,32,10,111,4,singapore
2019-02-18 18:00:00,32,26,0.0,11.6,6,92,06:10 PM,05:42 AM,07:16 AM,07:21 PM,23,32,32,28,10,48,75,0.0,1011,28,10,63,7,singapore
2019-02-18 21:00:00,32,26,0.0,11.6,6,92,06:10 PM,05:42 AM,07:16 AM,07:21 PM,23,31,31,27,17,28,77,0.0,1012,27,10,45,12,singapore
2019-02-19 00:00:00,31,27,0.0,11.6,7,98,07:11 PM,06:43 AM,07:16 AM,07:21 PM,23,30,30,27,15,21,77,0.0,1012,27,10,42,11,singapore
2019-02-19 03:00:00,31,27,0.0,11.6,7,98,07:11 PM,06:43 AM,07:16 AM,07:21 PM,23,29,29,27,14,23,80,0.0,1011,27,10,42,10,singapore
2019-02-19 06:00:00,31,27,0.0,11.6,7,98,07:11 PM,06:43 AM,07:16 AM,07:21 PM,23,30,30,27,13,32,79,0.0,1012,27,10,45,9,singapore
2019-02-19 09:00:00,31,27,0.0,11.6,7,98,07:11 PM,06:43 AM,07:16 AM,07:21 PM,23,34,34,30,15,18,67,1.6,1013,30,9,57,11,singapore
2019-02-19 12:00:00,31,27,0.0,11.6,7,98,07:11 PM,06:43 AM,07:16 AM,07:21 PM,24,35,35,30,24,20,67,9.4,1012,30,3,70,14,singapore
2019-02-19 15:00:00,31,27,0.0,11.6,7,98,07:11 PM,06:43 AM,07:16 AM,07:21 PM,23,35,35,31,29,23,64,1.9,1011,31,9,75,16,singapore
2019-02-19 18:00:00,31,27,0.0,11.6,7,98,07:11 PM,06:43 AM,07:16 AM,07:21 PM,23,31,31,28,23,18,76,2.0,1011,28,9,63,17,singapore
2019-02-19 21:00:00,31,27,0.0,11.6,7,98,07:11 PM,06:43 AM,07:16 AM,07:21 PM,24,31,31,27,22,29,80,0.0,1014,27,10,54,15,singapore
2019-02-20 00:00:00,32,26,0.0,11.6,7,95,08:09 PM,07:42 AM,07:16 AM,07:21 PM,23,30,30,27,18,40,81,0.0,1013,27,10,49,13,singapore
2019-02-20 03:00:00,32,26,0.0,11.6,7,95,08:09 PM,07:42 AM,07:16 AM,07:21 PM,23,29,29,26,17,41,83,0.0,1013,26,10,42,12,singapore
2019-02-20 06:00:00,32,26,0.0,11.6,7,95,08:09 PM,07:42 AM,07:16 AM,07:21 PM,23,30,30,27,15,43,82,0.0,1013,27,10,36,10,singapore
2019-02-20 09:00:00,32,26,0.0,11.6,7,95,08:09 PM,07:42 AM,07:16 AM,07:21 PM,23,36,36,31,15,16,63,0.0,1014,31,10,36,12,singapore
2019-02-20 12:00:00,32,26,0.0,11.6,7,95,08:09 PM,07:42 AM,07:16 AM,07:21 PM,23,37,37,32,16,12,57,0.1,1013,32,10,55,13,singapore
2019-02-20 15:00:00,32,26,0.0,11.6,7,95,08:09 PM,07:42 AM,07:16 AM,07:21 PM,23,36,36,31,21,10,61,0.5,1011,31,10,62,17,singapore
2019-02-20 18:00:00,32,26,0.0,11.6,7,95,08:09 PM,07:42 AM,07:16 AM,07:21 PM,23,31,31,28,24,21,78,0.6,1012,28,9,48,19,singapore
2019-02-20 21:00:00,32,26,0.0,11.6,7,95,08:09 PM,07:42 AM,07:16 AM,07:21 PM,24,31,31,27,26,34,82,0.1,1014,27,10,32,18,singapore
2019-02-21 00:00:00,32,26,0.0,11.6,7,88,09:05 PM,08:37 AM,07:16 AM,07:21 PM,24,30,30,26,24,44,85,0.1,1013,26,10,23,16,singapore
2019-02-21 03:00:00,32,26,0.0,11.6,7,88,09:05 PM,08:37 AM,07:16 AM,07:21 PM,23,29,29,26,24,51,86,0.0,1012,26,10,23,17,singapore
2019-02-21 06:00:00,32,26,0.0,11.6,7,88,09:05 PM,08:37 AM,07:16 AM,07:21 PM,23,29,29,26,22,63,84,0.0,1013,26,10,16,15,singapore
2019-02-21 09:00:00,32,26,0.0,11.6,7,88,09:05 PM,08:37 AM,07:16 AM,07:21 PM,23,34,34,30,22,48,67,0.0,1014,30,10,19,16,singapore
2019-02-21 12:00:00,32,26,0.0,11.6,7,88,09:05 PM,08:37 AM,07:16 AM,07:21 PM,22,37,37,32,22,59,55,0.1,1012,32,10,32,18,singapore
2019-02-21 15:00:00,32,26,0.0,11.6,7,88,09:05 PM,08:37 AM,07:16 AM,07:21 PM,22,35,35,31,25,8,58,0.1,1010,31,10,38,21,singapore
2019-02-21 18:00:00,32,26,0.0,11.6,7,88,09:05 PM,08:37 AM,07:16 AM,07:21 PM,23,31,31,28,29,5,74,0.1,1011,28,10,37,22,singapore
2019-02-21 21:00:00,32,26,0.0,11.6,7,88,09:05 PM,08:37 AM,07:16 AM,07:21 PM,24,31,31,27,27,29,81,0.0,1013,27,10,29,18,singapore
2019-02-22 00:00:00,34,26,0.0,11.6,8,81,09:58 PM,09:31 AM,07:16 AM,07:21 PM,24,30,30,27,22,52,84,0.0,1012,27,10,20,15,singapore
2019-02-22 03:00:00,34,26,0.0,11.6,8,81,09:58 PM,09:31 AM,07:16 AM,07:21 PM,24,30,30,26,18,26,85,0.0,1011,26,10,125,12,singapore
2019-02-22 06:00:00,34,26,0.0,11.6,8,81,09:58 PM,09:31 AM,07:16 AM,07:21 PM,24,30,30,27,16,11,83,0.0,1012,27,10,347,11,singapore
2019-02-22 09:00:00,34,26,0.0,11.6,8,81,09:58 PM,09:31 AM,07:16 AM,07:21 PM,23,36,36,31,16,15,60,0.0,1013,31,10,242,12,singapore
2019-02-22 12:00:00,34,26,0.0,11.6,8,81,09:58 PM,09:31 AM,07:16 AM,07:21 PM,22,38,38,34,15,29,51,0.0,1011,34,10,31,13,singapore
2019-02-22 15:00:00,34,26,0.0,11.6,8,81,09:58 PM,09:31 AM,07:16 AM,07:21 PM,22,36,36,32,22,8,57,0.0,1010,32,10,47,18,singapore
2019-02-22 18:00:00,34,26,0.0,11.6,8,81,09:58 PM,09:31 AM,07:16 AM,07:21 PM,23,31,31,28,29,14,77,0.0,1010,28,10,42,22,singapore
2019-02-22 21:00:00,34,26,0.0,11.6,8,81,09:58 PM,09:31 AM,07:16 AM,07:21 PM,24,31,31,27,28,42,83,0.0,1012,27,10,33,20,singapore
2019-02-23 00:00:00,33,26,0.0,11.6,7,75,10:49 PM,10:22 AM,07:16 AM,07:21 PM,23,29,29,26,23,53,85,0.0,1011,26,10,31,16,singapore
2019-02-23 03:00:00,33,26,0.0,11.6,7,75,10:49 PM,10:22 AM,07:16 AM,07:21 PM,23,28,28,26,21,47,86,0.0,1010,26,10,27,14,singapore
2019-02-23 06:00:00,33,26,0.0,11.6,7,75,10:49 PM,10:22 AM,07:16 AM,07:21 PM,23,28,28,26,21,39,83,0.0,1011,26,10,20,14,singapore
2019-02-23 09:00:00,33,26,0.0,11.6,7,75,10:49 PM,10:22 AM,07:16 AM,07:21 PM,22,33,33,30,21,22,63,0.0,1011,30,10,22,15,singapore
2019-02-23 12:00:00,33,26,0.0,11.6,7,75,10:49 PM,10:22 AM,07:16 AM,07:21 PM,22,37,37,33,21,6,52,0.0,1010,33,10,30,17,singapore
2019-02-23 15:00:00,33,26,0.0,11.6,7,75,10:49 PM,10:22 AM,07:16 AM,07:21 PM,22,35,35,31,21,4,57,0.0,1008,31,10,42,18,singapore
2019-02-23 18:00:00,33,26,0.0,11.6,7,75,10:49 PM,10:22 AM,07:16 AM,07:21 PM,22,29,29,27,26,6,73,0.0,1009,27,10,47,21,singapore
2019-02-23 21:00:00,33,26,0.0,11.6,7,75,10:49 PM,10:22 AM,07:16 AM,07:21 PM,22,29,29,27,27,6,77,0.0,1011,27,10,31,19,singapore
2019-02-24 00:00:00,34,25,0.0,11.6,7,68,11:40 PM,11:12 AM,07:16 AM,07:21 PM,22,29,29,26,23,7,79,0.0,1011,26,10,20,16,singapore
2019-02-24 03:00:00,34,25,0.0,11.6,7,68,11:40 PM,11:12 AM,07:16 AM,07:21 PM,22,28,28,25,23,7,81,0.0,1010,25,10,24,15,singapore
2019-02-24 06:00:00,34,25,0.0,11.6,7,68,11:40 PM,11:12 AM,07:16 AM,07:21 PM,22,28,28,25,22,18,81,0.0,1011,25,10,16,15,singapore
2019-02-24 09:00:00,34,25,0.0,11.6,7,68,11:40 PM,11:12 AM,07:16 AM,07:21 PM,22,34,34,30,18,6,61,0.0,1012,30,10,13,14,singapore
2019-02-24 12:00:00,34,25,0.0,11.6,7,68,11:40 PM,11:12 AM,07:16 AM,07:21 PM,21,38,38,34,14,11,48,0.0,1010,34,10,22,12,singapore
2019-02-24 15:00:00,34,25,0.0,11.6,7,68,11:40 PM,11:12 AM,07:16 AM,07:21 PM,22,36,36,32,17,23,56,0.0,1008,32,10,46,14,singapore
2019-02-24 18:00:00,34,25,0.0,11.6,7,68,11:40 PM,11:12 AM,07:16 AM,07:21 PM,21,30,30,27,26,13,70,0.0,1009,27,10,46,20,singapore
2019-02-24 21:00:00,34,25,0.0,11.6,7,68,11:40 PM,11:12 AM,07:16 AM,07:21 PM,22,30,30,27,28,18,77,0.0,1011,27,10,35,20,singapore
2019-02-25 00:00:00,32,26,0.0,10.2,7,61,No moonrise,12:01 PM,07:15 AM,07:20 PM,23,29,29,26,22,29,82,0.0,1011,26,10,35,15,singapore
2019-02-25 03:00:00,32,26,0.0,10.2,7,61,No moonrise,12:01 PM,07:15 AM,07:20 PM,23,28,28,26,20,58,86,0.0,1010,26,10,32,14,singapore
2019-02-25 06:00:00,32,26,0.0,10.2,7,61,No moonrise,12:01 PM,07:15 AM,07:20 PM,23,29,29,26,20,57,85,0.0,1011,26,10,20,14,singapore
2019-02-25 09:00:00,32,26,0.0,10.2,7,61,No moonrise,12:01 PM,07:15 AM,07:20 PM,23,35,35,31,20,20,64,0.0,1012,31,10,21,15,singapore
2019-02-25 12:00:00,32,26,0.0,10.2,7,61,No moonrise,12:01 PM,07:15 AM,07:20 PM,23,37,37,32,18,21,58,0.3,1010,32,9,44,15,singapore
2019-02-25 15:00:00,32,26,0.0,10.2,7,61,No moonrise,12:01 PM,07:15 AM,07:20 PM,23,36,36,31,24,26,65,0.8,1009,31,9,55,19,singapore
2019-02-25 18:00:00,32,26,0.0,10.2,7,61,No moonrise,12:01 PM,07:15 AM,07:20 PM,24,31,31,28,29,61,80,1.5,1009,28,10,51,22,singapore
2019-02-25 21:00:00,32,26,0.0,10.2,7,61,No moonrise,12:01 PM,07:15 AM,07:20 PM,24,31,31,27,28,51,84,0.1,1010,27,10,47,20,singapore
2019-02-26 00:00:00,32,26,0.0,11.6,7,54,12:30 AM,12:51 PM,07:15 AM,07:20 PM,24,30,30,26,27,59,86,0.1,1010,26,10,44,19,singapore
2019-02-26 03:00:00,32,26,0.0,11.6,7,54,12:30 AM,12:51 PM,07:15 AM,07:20 PM,23,29,29,26,26,30,86,0.7,1009,26,9,42,18,singapore
2019-02-26 06:00:00,32,26,0.0,11.6,7,54,12:30 AM,12:51 PM,07:15 AM,07:20 PM,23,29,29,26,23,33,83,0.8,1010,26,9,41,16,singapore
2019-02-26 09:00:00,32,26,0.0,11.6,7,54,12:30 AM,12:51 PM,07:15 AM,07:20 PM,23,34,34,30,21,37,63,0.0,1011,30,10,47,16,singapore
2019-02-26 12:00:00,32,26,0.0,11.6,7,54,12:30 AM,12:51 PM,07:15 AM,07:20 PM,23,37,37,32,21,51,57,0.3,1009,32,10,56,18,singapore
2019-02-26 15:00:00,32,26,0.0,11.6,7,54,12:30 AM,12:51 PM,07:15 AM,07:20 PM,23,35,35,31,26,35,63,0.2,1008,31,9,60,22,singapore
2019-02-26 18:00:00,32,26,0.0,11.6,7,54,12:30 AM,12:51 PM,07:15 AM,07:20 PM,23,31,31,28,29,47,77,0.3,1008,28,9,50,23,singapore
2019-02-26 21:00:00,32,26,0.0,11.6,7,54,12:30 AM,12:51 PM,07:15 AM,07:20 PM,23,30,30,27,28,46,81,0.1,1010,27,10,38,20,singapore
2019-02-27 00:00:00,31,26,0.0,10.2,6,47,01:21 AM,01:41 PM,07:15 AM,07:20 PM,23,30,30,27,26,53,83,0.9,1010,27,10,33,18,singapore
2019-02-27 03:00:00,31,26,0.0,10.2,6,47,01:21 AM,01:41 PM,07:15 AM,07:20 PM,23,29,29,26,24,63,84,0.3,1008,26,10,30,17,singapore
2019-02-27 06:00:00,31,26,0.0,10.2,6,47,01:21 AM,01:41 PM,07:15 AM,07:20 PM,23,30,30,27,23,67,81,0.4,1009,27,10,27,17,singapore
2019-02-27 09:00:00,31,26,0.0,10.2,6,47,01:21 AM,01:41 PM,07:15 AM,07:20 PM,23,35,35,30,23,58,65,0.4,1010,30,10,30,18,singapore
2019-02-27 12:00:00,31,26,0.0,10.2,6,47,01:21 AM,01:41 PM,07:15 AM,07:20 PM,23,36,36,31,25,71,63,2.2,1008,31,10,40,21,singapore
2019-02-27 15:00:00,31,26,0.0,10.2,6,47,01:21 AM,01:41 PM,07:15 AM,07:20 PM,23,35,35,31,29,37,61,0.3,1007,31,10,43,24,singapore
2019-02-27 18:00:00,31,26,0.0,10.2,6,47,01:21 AM,01:41 PM,07:15 AM,07:20 PM,23,31,31,28,31,37,74,0.3,1008,28,9,40,24,singapore
2019-02-27 21:00:00,31,26,0.0,10.2,6,47,01:21 AM,01:41 PM,07:15 AM,07:20 PM,23,31,31,27,28,34,78,0.0,1010,27,10,35,20,singapore
2019-02-28 00:00:00,31,26,0.0,11.6,7,41,02:10 AM,02:30 PM,07:15 AM,07:20 PM,23,30,30,27,23,40,79,0.0,1009,27,10,34,16,singapore
2019-02-28 03:00:00,31,26,0.0,11.6,7,41,02:10 AM,02:30 PM,07:15 AM,07:20 PM,23,29,29,26,19,34,81,0.0,1008,26,10,30,13,singapore
2019-02-28 06:00:00,31,26,0.0,11.6,7,41,02:10 AM,02:30 PM,07:15 AM,07:20 PM,23,30,30,27,18,48,80,0.0,1009,27,10,27,13,singapore
2019-02-28 09:00:00,31,26,0.0,11.6,7,41,02:10 AM,02:30 PM,07:15 AM,07:20 PM,23,35,35,31,17,45,62,0.0,1010,31,10,31,13,singapore
2019-02-28 12:00:00,31,26,0.0,11.6,7,41,02:10 AM,02:30 PM,07:15 AM,07:20 PM,23,36,36,31,21,34,64,2.1,1009,31,9,39,17,singapore
2019-02-28 15:00:00,31,26,0.0,11.6,7,41,02:10 AM,02:30 PM,07:15 AM,07:20 PM,23,35,35,31,31,46,65,2.5,1007,31,10,39,21,singapore
2019-02-28 18:00:00,31,26,0.0,11.6,7,41,02:10 AM,02:30 PM,07:15 AM,07:20 PM,23,31,31,28,33,43,76,2.6,1008,28,7,40,20,singapore
2019-02-28 21:00:00,31,26,0.0,11.6,7,41,02:10 AM,02:30 PM,07:15 AM,07:20 PM,24,31,31,27,27,41,81,0.0,1010,27,10,39,17,singapore
2019-03-01 00:00:00,32,26,0.0,11.6,7,34,03:00 AM,03:20 PM,07:15 AM,07:20 PM,23,30,30,27,22,53,83,0.1,1010,27,10,37,15,singapore
2019-03-01 03:00:00,32,26,0.0,11.6,7,34,03:00 AM,03:20 PM,07:15 AM,07:20 PM,23,29,29,26,21,56,84,0.0,1009,26,10,36,14,singapore
2019-03-01 06:00:00,32,26,0.0,11.6,7,34,03:00 AM,03:20 PM,07:15 AM,07:20 PM,23,30,30,27,21,67,81,0.0,1011,27,10,30,14,singapore
2019-03-01 09:00:00,32,26,0.0,11.6,7,34,03:00 AM,03:20 PM,07:15 AM,07:20 PM,23,34,34,30,19,45,63,0.0,1012,30,10,29,15,singapore
2019-03-01 12:00:00,32,26,0.0,11.6,7,34,03:00 AM,03:20 PM,07:15 AM,07:20 PM,22,36,36,32,23,25,57,0.1,1010,32,10,40,19,singapore
2019-03-01 15:00:00,32,26,0.0,11.6,7,34,03:00 AM,03:20 PM,07:15 AM,07:20 PM,22,35,35,31,26,13,59,0.0,1008,31,10,43,22,singapore
2019-03-01 18:00:00,32,26,0.0,11.6,7,34,03:00 AM,03:20 PM,07:15 AM,07:20 PM,22,30,30,27,29,15,75,0.0,1009,27,10,40,23,singapore
2019-03-01 21:00:00,32,26,0.0,11.6,7,34,03:00 AM,03:20 PM,07:15 AM,07:20 PM,23,29,29,27,30,27,79,0.0,1011,27,10,28,21,singapore
2019-03-02 00:00:00,33,25,0.0,11.6,7,27,03:50 AM,04:09 PM,07:14 AM,07:20 PM,22,28,28,26,26,38,81,0.0,1010,26,10,24,18,singapore
2019-03-02 03:00:00,33,25,0.0,11.6,7,27,03:50 AM,04:09 PM,07:14 AM,07:20 PM,22,28,28,25,23,38,82,0.0,1009,25,10,26,15,singapore
2019-03-02 06:00:00,33,25,0.0,11.6,7,27,03:50 AM,04:09 PM,07:14 AM,07:20 PM,22,28,28,26,21,29,79,0.0,1010,26,10,16,14,singapore
2019-03-02 09:00:00,33,25,0.0,11.6,7,27,03:50 AM,04:09 PM,07:14 AM,07:20 PM,21,33,33,30,19,13,60,0.0,1011,30,10,13,14,singapore
2019-03-02 12:00:00,33,25,0.0,11.6,7,27,03:50 AM,04:09 PM,07:14 AM,07:20 PM,21,37,37,33,18,9,48,0.0,1009,33,10,23,15,singapore
2019-03-02 15:00:00,33,25,0.0,11.6,7,27,03:50 AM,04:09 PM,07:14 AM,07:20 PM,21,35,35,31,20,34,56,0.0,1008,31,10,35,17,singapore
2019-03-02 18:00:00,33,25,0.0,11.6,7,27,03:50 AM,04:09 PM,07:14 AM,07:20 PM,21,29,29,27,27,10,70,0.1,1008,27,10,38,21,singapore
2019-03-02 21:00:00,33,25,0.0,11.6,7,27,03:50 AM,04:09 PM,07:14 AM,07:20 PM,21,28,28,26,30,15,74,0.0,1010,26,10,33,22,singapore
2019-03-03 00:00:00,33,25,0.0,10.2,7,20,04:38 AM,04:56 PM,07:14 AM,07:20 PM,21,28,28,26,25,44,77,0.0,1009,26,10,33,18,singapore
2019-03-03 03:00:00,33,25,0.0,10.2,7,20,04:38 AM,04:56 PM,07:14 AM,07:20 PM,22,27,27,25,22,27,80,0.0,1009,25,10,28,15,singapore
2019-03-03 06:00:00,33,25,0.0,10.2,7,20,04:38 AM,04:56 PM,07:14 AM,07:20 PM,22,28,28,26,18,23,79,0.0,1009,26,10,27,13,singapore
2019-03-03 09:00:00,33,25,0.0,10.2,7,20,04:38 AM,04:56 PM,07:14 AM,07:20 PM,22,35,35,31,15,11,57,0.0,1011,31,10,27,11,singapore
2019-03-03 12:00:00,33,25,0.0,10.2,7,20,04:38 AM,04:56 PM,07:14 AM,07:20 PM,22,37,37,33,12,72,51,0.0,1009,33,10,35,10,singapore
2019-03-03 15:00:00,33,25,0.0,10.2,7,20,04:38 AM,04:56 PM,07:14 AM,07:20 PM,22,35,35,31,16,49,57,0.0,1008,31,10,53,13,singapore
2019-03-03 18:00:00,33,25,0.0,10.2,7,20,04:38 AM,04:56 PM,07:14 AM,07:20 PM,21,29,29,27,24,20,72,0.0,1008,27,10,49,18,singapore
2019-03-03 21:00:00,33,25,0.0,10.2,7,20,04:38 AM,04:56 PM,07:14 AM,07:20 PM,21,29,29,26,26,14,75,0.0,1010,26,10,43,18,singapore
2019-03-04 00:00:00,34,26,0.0,11.6,7,14,05:25 AM,05:43 PM,07:14 AM,07:19 PM,22,28,28,26,20,11,77,0.0,1010,26,10,38,14,singapore
2019-03-04 03:00:00,34,26,0.0,11.6,7,14,05:25 AM,05:43 PM,07:14 AM,07:19 PM,21,28,28,26,17,4,77,0.0,1009,26,10,24,13,singapore
2019-03-04 06:00:00,34,26,0.0,11.6,7,14,05:25 AM,05:43 PM,07:14 AM,07:19 PM,21,28,28,26,18,4,74,0.0,1010,26,10,13,13,singapore
2019-03-04 09:00:00,34,26,0.0,11.6,7,14,05:25 AM,05:43 PM,07:14 AM,07:19 PM,21,34,34,31,17,3,58,0.0,1011,31,10,17,13,singapore
2019-03-04 12:00:00,34,26,0.0,11.6,7,14,05:25 AM,05:43 PM,07:14 AM,07:19 PM,21,38,38,34,14,20,49,0.0,1009,34,10,30,12,singapore
2019-03-04 15:00:00,34,26,0.0,11.6,7,14,05:25 AM,05:43 PM,07:14 AM,07:19 PM,21,35,35,31,17,6,56,0.0,1007,31,10,51,14,singapore
2019-03-04 18:00:00,34,26,0.0,11.6,7,14,05:25 AM,05:43 PM,07:14 AM,07:19 PM,21,29,29,27,25,7,71,0.0,1008,27,10,52,19,singapore
2019-03-04 21:00:00,34,26,0.0,11.6,7,14,05:25 AM,05:43 PM,07:14 AM,07:19 PM,22,30,30,27,24,10,76,0.0,1010,27,10,43,17,singapore
2019-03-05 00:00:00,35,26,0.0,11.6,8,7,06:10 AM,06:28 PM,07:14 AM,07:19 PM,23,29,29,27,16,10,78,0.0,1010,27,10,37,12,singapore
2019-03-05 03:00:00,35,26,0.0,11.6,8,7,06:10 AM,06:28 PM,07:14 AM,07:19 PM,22,28,28,26,15,10,81,0.0,1009,26,10,19,12,singapore
2019-03-05 06:00:00,35,26,0.0,11.6,8,7,06:10 AM,06:28 PM,07:14 AM,07:19 PM,22,29,29,26,17,7,78,0.0,1010,26,10,10,13,singapore
2019-03-05 09:00:00,35,26,0.0,11.6,8,7,06:10 AM,06:28 PM,07:14 AM,07:19 PM,22,35,35,31,17,9,56,0.0,1011,31,10,17,13,singapore
2019-03-05 12:00:00,35,26,0.0,11.6,8,7,06:10 AM,06:28 PM,07:14 AM,07:19 PM,22,40,40,35,12,13,46,0.0,1010,35,10,27,10,singapore
2019-03-05 15:00:00,35,26,0.0,11.6,8,7,06:10 AM,06:28 PM,07:14 AM,07:19 PM,22,38,38,34,13,13,50,0.0,1009,34,10,45,10,singapore
2019-03-05 18:00:00,35,26,0.0,11.6,8,7,06:10 AM,06:28 PM,07:14 AM,07:19 PM,22,31,31,28,19,16,68,0.0,1009,28,10,51,14,singapore
2019-03-05 21:00:00,35,26,0.0,11.6,8,7,06:10 AM,06:28 PM,07:14 AM,07:19 PM,23,31,31,27,22,36,78,1.1,1011,27,9,30,14,singapore
2019-03-06 00:00:00,32,26,0.0,10.2,6,0,06:54 AM,07:12 PM,07:13 AM,07:19 PM,23,30,30,27,15,26,81,1.1,1011,27,9,128,10,singapore
2019-03-06 03:00:00,32,26,0.0,10.2,6,0,06:54 AM,07:12 PM,07:13 AM,07:19 PM,23,29,29,26,14,14,80,0.0,1010,26,10,240,10,singapore
2019-03-06 06:00:00,32,26,0.0,10.2,6,0,06:54 AM,07:12 PM,07:13 AM,07:19 PM,22,29,29,27,16,24,78,0.0,1012,27,10,122,10,singapore
2019-03-06 09:00:00,32,26,0.0,10.2,6,0,06:54 AM,07:12 PM,07:13 AM,07:19 PM,22,36,36,32,15,69,55,0.0,1012,32,10,245,10,singapore
2019-03-06 12:00:00,32,26,0.0,10.2,6,0,06:54 AM,07:12 PM,07:13 AM,07:19 PM,22,36,36,32,15,59,57,0.4,1011,32,10,41,12,singapore
2019-03-06 15:00:00,32,26,0.0,10.2,6,0,06:54 AM,07:12 PM,07:13 AM,07:19 PM,23,34,34,30,21,53,64,3.1,1010,30,7,52,14,singapore
2019-03-06 18:00:00,32,26,0.0,10.2,6,0,06:54 AM,07:12 PM,07:13 AM,07:19 PM,22,31,31,28,27,45,72,2.6,1010,28,7,47,16,singapore
2019-03-06 21:00:00,32,26,0.0,10.2,6,0,06:54 AM,07:12 PM,07:13 AM,07:19 PM,23,31,31,28,24,45,75,0.0,1012,28,10,43,15,singapore
2019-03-07 00:00:00,36,27,0.0,10.2,8,7,07:36 AM,07:55 PM,07:13 AM,07:19 PM,23,31,31,28,19,48,77,0.0,1012,28,10,33,13,singapore
2019-03-07 03:00:00,36,27,0.0,10.2,8,7,07:36 AM,07:55 PM,07:13 AM,07:19 PM,23,30,30,27,15,46,79,0.0,1011,27,10,36,10,singapore
2019-03-07 06:00:00,36,27,0.0,10.2,8,7,07:36 AM,07:55 PM,07:13 AM,07:19 PM,23,30,30,27,12,55,79,0.2,1012,27,10,41,8,singapore
2019-03-07 09:00:00,36,27,0.0,10.2,8,7,07:36 AM,07:55 PM,07:13 AM,07:19 PM,22,37,37,32,10,19,55,0.0,1012,32,10,33,7,singapore
2019-03-07 12:00:00,36,27,0.0,10.2,8,7,07:36 AM,07:55 PM,07:13 AM,07:19 PM,22,41,41,36,7,28,44,0.0,1011,36,10,41,6,singapore
2019-03-07 15:00:00,36,27,0.0,10.2,8,7,07:36 AM,07:55 PM,07:13 AM,07:19 PM,22,36,36,32,12,83,56,0.0,1009,32,10,75,10,singapore
2019-03-07 18:00:00,36,27,0.0,10.2,8,7,07:36 AM,07:55 PM,07:13 AM,07:19 PM,23,32,32,29,21,41,73,0.1,1010,29,10,72,16,singapore
2019-03-07 21:00:00,36,27,0.0,10.2,8,7,07:36 AM,07:55 PM,07:13 AM,07:19 PM,24,31,31,28,22,30,78,1.8,1011,28,9,55,15,singapore
2019-03-08 00:00:00,33,26,0.0,11.6,6,13,08:18 AM,08:38 PM,07:13 AM,07:19 PM,23,30,30,27,19,42,81,4.2,1011,27,7,55,13,singapore
2019-03-08 03:00:00,33,26,0.0,11.6,6,13,08:18 AM,08:38 PM,07:13 AM,07:19 PM,23,29,29,26,19,31,84,3.6,1010,26,7,53,13,singapore
2019-03-08 06:00:00,33,26,0.0,11.6,6,13,08:18 AM,08:38 PM,07:13 AM,07:19 PM,23,30,30,27,19,18,83,5.9,1012,27,7,38,12,singapore
2019-03-08 09:00:00,33,26,0.0,11.6,6,13,08:18 AM,08:38 PM,07:13 AM,07:19 PM,23,35,35,31,19,20,63,0.0,1012,31,10,35,12,singapore
2019-03-08 12:00:00,33,26,0.0,11.6,6,13,08:18 AM,08:38 PM,07:13 AM,07:19 PM,22,38,38,33,15,36,53,0.0,1011,33,10,56,13,singapore
2019-03-08 15:00:00,33,26,0.0,11.6,6,13,08:18 AM,08:38 PM,07:13 AM,07:19 PM,22,35,35,31,18,18,57,0.1,1009,31,10,63,15,singapore
2019-03-08 18:00:00,33,26,0.0,11.6,6,13,08:18 AM,08:38 PM,07:13 AM,07:19 PM,23,31,31,28,24,5,73,0.1,1010,28,10,62,18,singapore
2019-03-08 21:00:00,33,26,0.0,11.6,6,13,08:18 AM,08:38 PM,07:13 AM,07:19 PM,24,31,31,28,25,7,78,0.0,1012,28,10,56,17,singapore
2019-03-09 00:00:00,34,27,0.0,11.6,8,20,09:00 AM,09:21 PM,07:13 AM,07:18 PM,24,31,31,27,21,27,81,0.0,1012,27,10,51,14,singapore
2019-03-09 03:00:00,34,27,0.0,11.6,8,20,09:00 AM,09:21 PM,07:13 AM,07:18 PM,23,30,30,27,19,24,82,0.0,1011,27,10,51,13,singapore
2019-03-09 06:00:00,34,27,0.0,11.6,8,20,09:00 AM,09:21 PM,07:13 AM,07:18 PM,23,30,30,27,17,26,80,0.1,1012,27,10,48,12,singapore
2019-03-09 09:00:00,34,27,0.0,11.6,8,20,09:00 AM,09:21 PM,07:13 AM,07:18 PM,23,37,37,32,14,6,58,0.0,1013,32,10,51,11,singapore
2019-03-09 12:00:00,34,27,0.0,11.6,8,20,09:00 AM,09:21 PM,07:13 AM,07:18 PM,22,39,39,34,13,21,50,0.0,1011,34,10,70,12,singapore
2019-03-09 15:00:00,34,27,0.0,11.6,8,20,09:00 AM,09:21 PM,07:13 AM,07:18 PM,22,37,37,32,17,7,57,0.0,1009,32,10,80,14,singapore
2019-03-09 18:00:00,34,27,0.0,11.6,8,20,09:00 AM,09:21 PM,07:13 AM,07:18 PM,23,32,32,29,23,5,72,0.0,1010,29,10,69,18,singapore
2019-03-09 21:00:00,34,27,0.0,11.6,8,20,09:00 AM,09:21 PM,07:13 AM,07:18 PM,23,31,31,28,22,11,75,0.0,1012,28,10,60,16,singapore
2019-03-10 00:00:00,35,27,0.0,11.6,8,27,09:43 AM,10:05 PM,07:12 AM,07:18 PM,23,31,31,28,17,17,77,0.0,1012,28,10,63,12,singapore
2019-03-10 03:00:00,35,27,0.0,11.6,8,27,09:43 AM,10:05 PM,07:12 AM,07:18 PM,23,29,29,27,14,69,78,0.0,1011,27,10,75,10,singapore
2019-03-10 06:00:00,35,27,0.0,11.6,8,27,09:43 AM,10:05 PM,07:12 AM,07:18 PM,23,30,30,27,12,54,77,0.0,1012,27,10,79,8,singapore
2019-03-10 09:00:00,35,27,0.0,11.6,8,27,09:43 AM,10:05 PM,07:12 AM,07:18 PM,22,37,37,32,12,20,56,0.0,1013,32,10,76,9,singapore
2019-03-10 12:00:00,35,27,0.0,11.6,8,27,09:43 AM,10:05 PM,07:12 AM,07:18 PM,22,40,40,35,11,33,48,0.1,1012,35,10,94,9,singapore
2019-03-10 15:00:00,35,27,0.0,11.6,8,27,09:43 AM,10:05 PM,07:12 AM,07:18 PM,22,37,37,33,12,42,55,0.0,1009,33,10,98,10,singapore
2019-03-10 18:00:00,35,27,0.0,11.6,8,27,09:43 AM,10:05 PM,07:12 AM,07:18 PM,23,33,33,29,14,16,71,0.0,1010,29,10,72,10,singapore
2019-03-10 21:00:00,35,27,0.0,11.6,8,27,09:43 AM,10:05 PM,07:12 AM,07:18 PM,23,32,32,28,15,13,74,0.0,1012,28,10,50,11,singapore
2019-03-11 00:00:00,35,27,0.0,11.6,8,34,10:27 AM,10:51 PM,07:12 AM,07:18 PM,23,31,31,28,14,37,76,0.0,1013,28,10,33,10,singapore
2019-03-11 03:00:00,35,27,0.0,11.6,8,34,10:27 AM,10:51 PM,07:12 AM,07:18 PM,23,30,30,27,12,48,78,0.1,1011,27,10,23,9,singapore
2019-03-11 06:00:00,35,27,0.0,11.6,8,34,10:27 AM,10:51 PM,07:12 AM,07:18 PM,23,31,31,27,14,44,78,0.1,1012,27,10,127,8,singapore
2019-03-11 09:00:00,35,27,0.0,11.6,8,34,10:27 AM,10:51 PM,07:12 AM,07:18 PM,23,41,41,34,13,33,53,0.0,1013,34,10,249,7,singapore
2019-03-11 12:00:00,35,27,0.0,11.6,8,34,10:27 AM,10:51 PM,07:12 AM,07:18 PM,24,42,42,35,5,23,53,2.3,1011,35,9,46,4,singapore
2019-03-11 15:00:00,35,27,0.0,11.6,8,34,10:27 AM,10:51 PM,07:12 AM,07:18 PM,24,39,39,33,10,34,58,0.4,1009,33,9,53,6,singapore
2019-03-11 18:00:00,35,27,0.0,11.6,8,34,10:27 AM,10:51 PM,07:12 AM,07:18 PM,24,33,33,29,21,57,76,2.4,1010,29,10,39,12,singapore
2019-03-11 21:00:00,35,27,0.0,11.6,8,34,10:27 AM,10:51 PM,07:12 AM,07:18 PM,24,32,32,28,23,27,82,0.0,1012,28,10,36,14,singapore
